Num,Code,Name,URL
1,7873,アーク,http://www.arrk.co.jp/
2,9948,アークス,http://www.arcs-g.co.jp/
3,3085,アークランドサービスホールディングス,http://www.arclandservice.co.jp/
4,9842,アークランドサカモト,http://www.arcland.co.jp/
5,4985,アース製薬,http://www.earth-chem.co.jp/
6,7823,アートネイチャー,http://www.artnature.co.jp/
7,3445,ＲＳ　Ｔｅｃｈｎｏｌｏｇｉｅｓ,http://www.rs-tec.jp/
8,5852,アーレスティ,http://www.ahresty.co.jp/
9,7013,ＩＨＩ,http://www.ihi.co.jp/
10,9702,アイ・エス・ビー,http://www.isb.co.jp/
11,6916,アイ・オー・データ機器,http://www.iodata.co.jp/
12,4206,アイカ工業,http://www.aica.co.jp/
13,9854,愛眼,http://www.aigan.co.jp/
14,2198,アイ・ケイ・ケイ,http://www.ikk-grp.jp/
15,6820,アイコム,http://www.icom.co.jp/
16,8708,藍澤證券,http://www.aizawa.co.jp/
17,7283,愛三工業,http://www.aisan-ind.co.jp/
18,7259,アイシン精機,http://www.aisin.co.jp/
19,3660,アイスタイル,http://www.istyle.co.jp/
20,6118,アイダエンジニアリング,http://www.aida.co.jp
21,8527,愛知銀行,http://www.aichibank.co.jp/
22,6345,アイチ　コーポレーション,http://www.aichi-corp.co.jp/
23,5482,愛知製鋼,http://www.aichi-steel.co.jp/
24,7723,愛知時計電機,http://www.aichitokei.co.jp/
25,4743,アイティフォー,http://www.itfor.co.jp/
26,6652,ＩＤＥＣ,http://www.idec.com/jpja/
27,9466,アイドママーケティングコミュニケーション,http://www.e-aidma.co.jp/
28,9742,アイネス,http://www.ines.co.jp/
29,9600,アイネット,http://www.inet.co.jp/
30,3920,アイビーシー,http://www.ibc21.co.jp/
31,6071,ＩＢＪ,http://www.ibjapan.jp/
32,7833,アイフィスジャパン,http://www.ifis.co.jp/
33,8515,アイフル,http://aiful.jp/
34,3076,あい　ホールディングス,http://www.aiholdings.co.jp/
35,6718,アイホン,http://www.aiphone.co.jp/
36,2372,アイロムグループ,http://www.iromgroup.co.jp/
37,9627,アインホールディングス,http://www.ainj.co.jp/
38,2427,アウトソーシング,http://www.outsourcing.co.jp/
39,3975,ＡＯＩ　ＴＹＯ　Ｈｏｌｄｉｎｇｓ,http://aoityo.com
40,1865,青木あすなろ建設,http://www.aaconst.co.jp/
41,8214,ＡＯＫＩホールディングス,http://www.aoki-hd.co.jp/
42,8304,あおぞら銀行,http://www.aozorabank.co.jp/
43,8342,青森銀行,http://www.a-bank.jp/
44,8219,青山商事,http://www.aoyama-syouji.co.jp
45,8343,秋田銀行,http://www.akita-bank.co.jp/
46,5142,アキレス,http://www.achilles.jp/
47,8255,アクシアル　リテイリング,http://www.axial-r.com/
48,6730,アクセル,http://www.axell.co.jp/
49,8423,アクリーティブ,http://www.accretive.jp/
50,4955,アグロ　カネショウ,http://www.agrokanesho.co.jp/
51,7238,曙ブレーキ工業,http://www.akebono-brake.com/html/home.php
52,9704,アゴーラ・ホスピタリティー・グループ,http://www.agorahospitalities.com/
53,8572,アコム,http://www.acom.co.jp/
54,8772,アサックス,http://www.asax.co.jp/
55,9747,アサツー　ディ・ケイ,http://www.adk.jp/
56,1852,淺沼組,http://www.asanuma.co.jp
57,3333,あさひ,http://www.cb-asahi.co.jp/
58,3407,旭化成,http://www.asahi-kasei.co.jp/
59,5201,旭硝子,http://www.agc.co.jp/
60,2502,アサヒグループホールディングス,http://www.asahibeer.co.jp/corporate.html
61,1975,朝日工業社,http://www.asahikogyosha.co.jp/
62,6140,旭ダイヤモンド工業,http://www.asahidia.co.jp/
63,3834,朝日ネット,http://asahi-net.jp/
64,5857,アサヒホールディングス,http://www.asahiholdings.com/
65,9405,朝日放送,http://asahi.co.jp/
66,4216,旭有機材,http://www.asahi-yukizai.co.jp/
67,6073,アサンテ,http://www.asante.co.jp/
68,5288,アジアパイルホールディングス,http://www.asiapile-hd.com/
69,7936,アシックス,http://www.asics.co.jp/
70,2802,味の素,http://www.ajinomoto.co.jp/
71,3526,芦森工業,http://www.ashimori.co.jp/
72,4929,アジュバンコスメジャパン,http://www.adjuvant.co.jp/
73,4514,あすか製薬,http://www.aska-pharma.co.jp/
74,2678,アスクル,https://www.askul.co.jp/kaisya/index.html
75,4503,アステラス製薬,http://www.astellas.com/jp/index.html
76,6845,アズビル,http://www.azbil.com/jp/
77,7872,Ａｓ－ｍｅエステール,http://www.as-estelle.co.jp/
78,7476,アズワン,http://www.as-1.co.jp/
79,2685,アダストリア,http://www.adastria.co.jp/
80,3529,アツギ,http://www.atsugi.co.jp/company/
81,4401,ＡＤＥＫＡ,http://www.adk.co.jp/
82,3837,アドソル日進,http://www.adniss.jp/
83,5998,アドバネクス,http://www.advanex.co.jp/
84,8798,アドバンスクリエイト,http://www.advancecreate.co.jp/
85,6857,アドバンテスト,http://www.advantest.co.jp/
86,8769,アドバンテッジリスクマネジメント,http://www.armg.jp/
87,6029,アトラ,http://www.artra-group.co.jp/
88,7463,アドヴァン,http://www.advan.co.jp/
89,8928,穴吹興産,http://www.anabuki.ne.jp
90,8715,アニコム ホールディングス,http://www.anicom.co.jp/
91,6381,アネスト岩田,http://www.anest-iwata.co.jp/
92,6087,アビスト,http://www.abist.co.jp/
93,8589,アプラスフィナンシャル,http://www.aplus.co.jp/
94,6113,アマダホールディングス,http://www.amadaholdings.co.jp/
95,6436,アマノ,http://www.amano.co.jp/
96,2753,あみやき亭,http://www.amiyakitei.co.jp/
97,4301,アミューズ,http://www.amuse.co.jp/
98,4968,荒川化学工業,http://www.arakawachem.co.jp/
99,2733,あらた,http://www.arata-gr.jp/
100,7305,新家工業,http://www.araya-kk.co.jp/
101,2815,アリアケジャパン,http://www.ariakejapan.com/
102,5208,有沢製作所,http://www.arisawa.co.jp/
103,5933,アルインコ,http://www.alinco.co.jp/
104,7595,アルゴグラフィックス,http://www.argo-graph.co.jp/
105,3036,アルコニックス,http://www.alconix.com/ax/index.html
106,9972,アルテック,http://www.altech.co.jp/
107,6816,アルパイン,http://www.alpine.com/j/
108,6728,アルバック,http://www.ulvac.co.jp/
109,7198,アルヒ,https://www.aruhi-group.co.jp/
110,7475,アルビス,http://www.albis.co.jp/
111,3434,アルファ,http://www.kk-alpha.com/
112,4719,アルファシステムズ,http://www.alpha.co.jp/
113,4641,アルプス技研,http://www.alpsgiken.co.jp/
114,6770,アルプス電気,http://www.alps.co.jp/
115,2784,アルフレッサ　ホールディングス,http://www.alfresa.com/
116,3028,アルペン,http://www.alpen-group.jp/
117,8388,阿波銀行,http://www.awabank.co.jp/
118,3896,阿波製紙,http://www.awapaper.co.jp/
119,1719,安藤・間,http://www.ad-hzm.co.jp/
120,6754,アンリツ,http://www.anritsu.com
121,6083,ＥＲＩホールディングス,http://www.h-eri.co.jp/
122,4820,イーエムシステムズ,http://www.emsystems.co.jp/
123,6050,イー・ガーディアン,http://www.e-guardian.co.jp/
124,8771,イー・ギャランティ,http://www.eguarantee.co.jp/
125,3294,イーグランド,http://www.e-grand.co.jp/
126,6486,イーグル工業,http://www.ekk.co.jp/
127,2882,イートアンド,http://www.eat-and.jp/
128,4282,ＥＰＳホールディングス,http://www.eps-holdings.co.jp/
129,3658,イーブックイニシアティブジャパン,http://corp.ebookjapan.jp/
130,3835,ｅＢＡＳＥ,http://www.ebase.co.jp/
131,9517,イーレックス,http://www.erex.co.jp/
132,3291,飯田グループホールディングス,http://www.ighd.co.jp/
133,9119,飯野海運,http://www.iino.co.jp/
134,9882,イエローハット,http://www.yellowhat.jp/
135,8267,イオン,http://www.aeon.info/
136,9787,イオンディライト,http://www.aeondelight.co.jp/
137,4343,イオンファンタジー,http://www.fantasy.co.jp/
138,8570,イオンフィナンシャルサービス,http://www.aeonfinancial.co.jp/
139,7512,イオン北海道,http://www.aeon-hokkaido.jp/
140,8905,イオンモール,http://www.aeonmall.com/
141,6771,池上通信機,http://www.ikegami.co.jp/
142,8714,池田泉州ホールディングス,http://www.senshuikeda-hd.co.jp/
143,6362,石井鐵工所,http://www.ishii-iiw.co.jp/
144,6208,石川製作所,http://www.ishiss.co.jp/
145,5204,石塚硝子,http://www.ishizuka.co.jp/
146,4028,石原産業,http://www.iskweb.co.jp/
147,7202,いすゞ自動車,http://www.isuzu.co.jp/
148,8273,イズミ,http://www.izumi.co.jp/
149,6310,井関農機,http://www.iseki.co.jp/
150,5358,イソライト工業,http://www.isolite.co.jp
151,3513,イチカワ,http://www.ik-felt.co.jp/
152,6186,一蔵,http://www.ichikura.jp/
153,1847,イチケン,http://www.ichiken.co.jp/
154,2337,いちご,http://www.ichigo.gr.jp/
155,7244,市光工業,http://www.ichikoh.com/
156,9619,イチネンホールディングス,http://www.ichinenhd.co.jp/
157,7630,壱番屋,http://www.ichibanya.co.jp/
158,2904,一正蒲鉾,http://www.ichimasa.co.jp/
159,8624,いちよし証券,http://www.ichiyoshi.co.jp/
160,3366,一六堂,http://www.ichirokudo.com/
161,8260,井筒屋,http://www.izutsuya.co.jp/
162,9768,いであ,http://ideacon.jp/
163,5019,出光興産,http://www.idemitsu.co.jp/
164,7972,イトーキ,http://www.itoki.jp/
165,2593,伊藤園,http://www.itoen.co.jp/
166,8133,伊藤忠エネクス,http://www.itcenex.com/
167,8001,伊藤忠商事,http://www.itochu.co.jp/
168,2692,伊藤忠食品,http://www.itochu-shokuhin.com/
169,4739,伊藤忠テクノソリューションズ,http://www.ctc-g.co.jp/
170,2296,伊藤ハム米久ホールディングス,http://itoham-yonekyu-holdings.com
171,7599,ＩＤＯＭ,http://www.idom-inc.com/
172,8182,いなげや,http://www.inageya.co.jp/
173,3421,稲葉製作所,http://www.inaba-ss.co.jp/
174,8098,稲畑産業,http://www.inabata.co.jp/
175,9934,因幡電機産業,http://www.inaba.co.jp/
176,9308,乾汽船,http://www.inui.co.jp/
177,9880,イノテック,http://www.innotech.co.jp/
178,4989,イハラケミカル工業,http://www.iharachem.co.jp/
179,4062,イビデン,http://www.ibiden.co.jp/
180,2924,イフジ産業,http://www.ifuji.co.jp/
181,6879,イマジカ・ロボット　ホールディングス,http://www.imagicarobot.jp/
182,7266,今仙電機製作所,http://www.imasen.co.jp/
183,2209,井村屋グループ,http://www.imuraya.co.jp/
184,8385,伊予銀行,http://www.iyobank.co.jp/
185,6908,イリソ電子工業,http://www.iriso.co.jp/
186,8707,岩井コスモホールディングス,http://www.iwaicosmo-hd.jp/
187,8095,イワキ,http://www.iwaki-kk.co.jp/
188,6704,岩崎通信機,http://www.iwatsu.co.jp/
189,6924,岩崎電気,http://www.iwasaki.co.jp/
190,8088,岩谷産業,http://www.iwatani.co.jp/
191,8345,岩手銀行,http://www.iwatebank.co.jp/
192,6200,インソース,http://www.insource.co.jp/index.html
193,7725,インターアクション,http://www.inter-action.co.jp/
194,3774,インターネットイニシアティブ,http://www.iij.ad.jp/
195,6032,インターワークス,http://interworks.jp/
196,4326,インテージホールディングス,http://www.intageholdings.co.jp/
197,8940,インテリックス,http://www.intellex.co.jp/
198,7191,イントラスト,http://www.entrust-inc.jp/
199,2492,インフォマート,http://www.infomart.co.jp/
200,4709,インフォメーション・ディベロプメント,http://www.idnet.co.jp/
201,9479,インプレスホールディングス,http://www.impressholdings.com/
202,1435,インベスターズクラウド,http://www.e-inv.co.jp/
203,6089,ウィルグループ,http://willgroup.co.jp/
204,3183,ウイン・パートナーズ,http://www.win-partners.co.jp/
205,4825,ウェザーニューズ,http://www.wni.co.jp/
206,2428,ウェルネット,http://www.well-net.jp/
207,1867,植木組,http://www.uekigumi.co.jp
208,3141,ウエルシアホールディングス,http://www.welcia.co.jp/
209,7596,魚力,http://www.uoriki.co.jp/
210,6925,ウシオ電機,http://www.ushio.co.jp/
211,8057,内田洋行,http://www.uchida.co.jp/
212,6059,ウチヤマホールディングス,http://www.uchiyama-gr.jp/
213,7898,ウッドワン,http://www.woodone.co.jp/
214,9358,宇徳,http://www.utoc.co.jp/
215,4208,宇部興産,http://www.ube.co.jp/
216,9381,エーアイテイー,http://www.ait-jp.com/
217,5391,エーアンドエーマテリアル,http://www.aa-material.co.jp/
218,7745,エー・アンド・デイ,http://www.aandd.co.jp/
219,9202,ＡＮＡホールディングス,http://www.ana.co.jp/
220,4523,エーザイ,http://www.eisai.co.jp
221,3648,ＡＧＳ,http://www.ags.co.jp/
222,3250,エー・ディー・ワークス,https://www.re-adworks.com/
223,3175,エー・ピーカンパニー,http://www.apcompany.jp/
224,2670,エービーシー・マート,http://www.abc-mart.co.jp/
225,4088,エア・ウォーター,http://www.awi.co.jp/
226,4549,栄研化学,http://www.eiken.co.jp/
227,2352,エイジア,http://www.azia.jp/
228,6737,EIZO,http://www.eizo.co.jp/
229,7822,永大産業,http://www.eidai.com/
230,9603,エイチ・アイ・エス,http://www.his.co.jp/
231,8242,エイチ・ツー・オー　リテイリング,http://www.h2o-retailing.co.jp/
232,5989,エイチワン,http://www.h1-co.jp/
233,7860,エイベックス,http://www.avex.co.jp/
234,7278,エクセディ,http://www.exedy.co.jp/
235,7591,エクセル,http://www.excelweb.co.jp/
236,7427,エコートレーディング,http://www.echotd.co.jp/
237,7520,エコス,http://eco-s.co.jp/
238,3521,エコナックホールディングス,http://www.econach.co.jp/
239,2206,江崎グリコ,http://www.glico.co.jp/corp/
240,3817,ＳＲＡホールディングス,http://www.sra-hd.co.jp/
241,2445,エスアールジータカミヤ,http://www.srg.jp/
242,2175,エス・エム・エス,http://www.bm-sms.co.jp/
243,6798,ＳＭＫ,http://www.smk.co.jp/
244,6273,ＳＭＣ,http://www.smcworld.com/
245,6093,エスクロー・エージェント・ジャパン,http://www.ea-j.jp
246,7608,エスケイジャパン,http://www.sk-japan.co.jp/
247,5721,エス・サイエンス,http://www.s-science.jp/
248,9719,ＳＣＳＫ,http://www.scsk.jp/
249,9143,ＳＧホールディングス,http://www.sg-hldgs.co.jp/
250,4951,エステー,http://www.st-c.co.jp
251,3280,エストラスト,http://www.strust.co.jp/
252,8473,ＳＢＩホールディングス,http://www.sbigroup.co.jp/
253,2384,ＳＢＳホールディングス,http://www.sbs-group.co.jp/
254,7466,ＳＰＫ,http://www.spk.co.jp/
255,2292,エスフーズ,http://www.sfoods.co.jp/
256,6859,エスペック,http://www.espec.co.jp/
257,4762,エックスネット,http://www.xnet.co.jp/
258,2730,エディオン,http://www.edion.co.jp/
259,3667,ｅｎｉｓｈ,http://www.enish.jp/
260,8793,ＮＥＣキャピタルソリューション,http://www.necap.co.jp/
261,1973,ＮＥＣネッツエスアイ,http://www.nesic.co.jp/
262,9759,ＮＳＤ,http://www.nsd.co.jp/
263,9110,ＮＳユナイテッド海運,http://www.nsuship.co.jp/
264,7240,ＮＯＫ,http://www.nok.co.jp/
265,6236,ＮＣホールディングス,http://www.nc-hd.jp
266,2325,ＮＪＳ,http://www.njs.co.jp/
267,1956,ＮＤＳ,http://www.nds-g.co.jp/
268,6472,ＮＴＮ,http://www.ntn.co.jp/japan/
269,9613,エヌ・ティ・ティ・データ,http://www.nttdata.co.jp/
270,9437,ＮＴＴドコモ,http://www.nttdocomo.co.jp/
271,8933,エヌ・ティ・ティ都市開発,http://www.nttud.co.jp/
272,6077,Ｎ・フィールド,http://www.nfield.co.jp/
273,6328,荏原実業,http://www.ejk.co.jp/
274,2819,エバラ食品工業,http://www.ebarafoods.com/
275,6361,荏原製作所,http://www.ebara.co.jp/
276,8541,愛媛銀行,http://www.himegin.co.jp/
277,9514,エフオン,http://www.ef-on.co.jp/
278,7296,エフ・シー・シー,http://www.fcc-net.co.jp/
279,8935,エフ・ジェー・ネクスト,http://www.fjnext.com/
280,7212,エフテック,http://www.ftech.co.jp/
281,7148,ＦＰＧ,http://www.fpg.jp
282,7947,エフピコ,http://www.fpco.jp/
283,6191,エボラブルアジア,http://www.evolableasia.com/
284,3661,エムアップ,http://www.m-up.com
285,6080,Ｍ＆Ａキャピタルパートナーズ,http://www.ma-cp.com/
286,8725,ＭＳ＆ＡＤインシュアランスグループホールディングス,http://www.ms-ad-hd.com/
287,2413,エムスリー,http://corporate.m3.com/
288,9438,エムティーアイ,http://www.mti.co.jp/
289,6099,エラン,http://www.kkelan.com/
290,8163,ＳＲＳホールディングス,https://srs-holdings.co.jp/
291,6750,エレコム,http://www.elecom.co.jp/
292,2715,エレマテック,http://www.elematec.com/
293,6218,エンシュウ,http://www.enshu.co.jp/
294,2112,塩水港精糖,http://www.ensuiko.co.jp/
295,6932,遠藤照明,http://www.endo-lighting.co.jp/
296,6961,エンプラス,http://www.enplas.co.jp/
297,6428,オーイズミ,http://www.oizumi.co.jp/
298,4979,ＯＡＴアグリオ,http://www.oat-agrio.co.jp/
299,6136,オーエスジー,http://www.osg.co.jp/
300,5912,ＯＳＪＢホールディングス,http://www.osjb.co.jp/
301,3964,オークネット,http://www.aucnet.co.jp/
302,6103,オークマ,http://www.okuma.co.jp/
303,8217,オークワ,http://www.okuwa.net/
304,6205,ＯＫＫ,http://www.okk.co.jp/
305,9832,オートバックスセブン,http://www.autobacs.com/
306,7628,オーハシテクニカ,http://www.ohashi.co.jp/
307,7727,オーバル,http://www.oval.co.jp/
308,4684,オービック,http://www.obic.co.jp/
309,4733,オービックビジネスコンサルタント,http://www.obc.co.jp/
310,3926,オープンドア,http://www.opendoor.co.jp/
311,3288,オープンハウス,http://oh.openhouse-group.com/
312,8041,ＯＵＧホールディングス,http://www.oug.co.jp/
313,7481,尾家産業,http://www.oie.co.jp/
314,6282,オイレス工業,http://www.oiles.co.jp/
315,3861,王子ホールディングス,http://www.ojiholdings.co.jp/
316,9936,王将フードサービス,http://www.ohsho.co.jp/
317,9755,応用地質,http://www.oyo.co.jp/
318,2533,オエノンホールディングス,http://www.oenon.jp/
319,8392,大分銀行,http://www.oitabank.co.jp/
320,8361,大垣共立銀行,http://www.okb.co.jp/
321,4221,大倉工業,http://www.okr-ind.co.jp/
322,9532,大阪瓦斯,http://www.osakagas.co.jp/
323,3173,大阪工機,http://www.osk-k.co.jp/index_j.html
324,5449,大阪製鐵,http://www.osaka-seitetu.co.jp/
325,4046,大阪ソーダ,http://www.daiso-co.com/
326,5726,大阪チタニウムテクノロジーズ,http://www.osaka-ti.co.jp/index2.html
327,4187,大阪有機化学工業,http://www.ooc.co.jp/
328,6644,大崎電気工業,http://www.osaki.co.jp/
329,4768,大塚商会,http://www.otsuka-shokai.co.jp/
330,4578,大塚ホールディングス,http://www.otsuka.com/jp/
331,9765,オオバ,http://www.k-ohba.co.jp/
332,1802,大林組,http://www.obayashi.co.jp/
333,3160,大光,http://www.oomitsu.com/
334,8609,岡三証券グループ,http://www.okasan.jp/
335,6294,オカダアイヨン,http://www.aiyon.co.jp/
336,5959,岡部,http://www.okabe.co.jp/
337,7994,岡村製作所,http://www.okamura.co.jp/
338,5122,オカモト,http://www.okamoto-inc.jp/
339,6926,岡谷電機産業,http://www.okayaelec.co.jp/
340,6703,沖電気工業,http://www.oki.com/jp/
341,5815,沖電線,http://www.okidensen.co.jp/
342,8397,沖縄銀行,http://www.okinawa-bank.co.jp/
343,9511,沖縄電力,http://www.okiden.co.jp/
344,1833,奥村組,http://www.okumuragumi.co.jp
345,9007,小田急電鉄,http://www.odakyu.jp/
346,3166,ＯＣＨＩホールディングス,http://www.ochiholdings.co.jp
347,7414,小野建,http://www.onoken.co.jp/
348,6858,小野測器,http://www.onosokki.co.jp/
349,4528,小野薬品工業,http://www.ono.co.jp
350,5218,オハラ,http://www.ohara-inc.co.jp/
351,6877,ＯＢＡＲＡ　ＧＲＯＵＰ,http://www.obara.co.jp/
352,3694,オプティム,http://www.optim.co.jp/
353,6914,オプテックスグループ,http://www.optex.co.jp/group/
354,2389,オプトホールディング,http://www.opt.ne.jp/holding/
355,6235,オプトラン,http://www.optorun.co.jp/
356,6645,オムロン,http://www.omron.co.jp/index2.html
357,4661,オリエンタルランド,http://www.olc.co.jp/
358,8585,オリエントコーポレーション,http://www.orico.co.jp/
359,6513,オリジン電気,http://www.origin.co.jp/
360,8591,オリックス,http://www.orix.co.jp/
361,7733,オリンパス,http://www.olympus.co.jp/
362,8289,Ｏｌｙｍｐｉｃグループ,http://www.olympic-corp.co.jp/
363,6368,オルガノ,http://www.organo.co.jp/
364,3672,オルトプラス,http://www.altplus.co.jp/
365,3376,オンリー,http://www.only.co.jp/
366,8016,オンワードホールディングス,http://www.onward-hd.co.jp/
367,4275,カーリットホールディングス,http://www.carlithd.co.jp
368,4452,花王,http://www.kao.com/jp/
369,2371,カカクコム,http://kakaku.com/
370,8154,加賀電子,http://www.taxan.co.jp/
371,2301,学情,http://company.gakujo.ne.jp/
372,4521,科研製薬,http://www.kaken.co.jp/
373,2811,カゴメ,http://www.kagome.co.jp/company/
374,7256,河西工業,http://www.kasai.co.jp/
375,6952,カシオ計算機,http://www.casio.co.jp/
376,1812,鹿島建設,http://www.kajima.co.jp/
377,4031,片倉コープアグリ,http://www.chikkarin.co.jp/
378,3001,片倉工業,http://www.katakura.co.jp/
379,8919,カチタス,http://katitas.jp/
380,9769,学究社,http://www.gakkyusha.com/
381,9470,学研ホールディングス,http://www.gakken.co.jp/
382,7421,カッパ・クリエイト,http://www.kappa-create.co.jp/
383,9869,加藤産業,http://www.katosangyo.co.jp/
384,6390,加藤製作所,http://www.kato-works.co.jp/
385,9468,カドカワ,http://info.kadokawadwango.co.jp/index.html
386,2612,かどや製油,http://www.kadoya.com/company/
387,9081,神奈川中央交通,http://www.kanachu.co.jp/
388,8081,カナデン,http://www.kanaden.co.jp/
389,9678,カナモト,http://www.kanamoto.co.jp/
390,5819,カナレ電気,http://www.canare.co.jp/
391,4118,カネカ,http://www.kaneka.co.jp/
392,1376,カネコ種苗,http://www.kanekoseeds.jp/
393,8020,兼松,http://www.kanematsu.co.jp/
394,8096,兼松エレクトロニクス,http://www.kel.co.jp/
395,7961,兼松サステック,http://www.ksustech.co.jp/
396,9697,カプコン,http://www.capcom.co.jp/
397,8703,カブドットコム証券,http://kabu.com/
398,6184,鎌倉新書,http://www.kamakura-net.co.jp/
399,9364,上組,http://www.kamigumi.co.jp/
400,8037,カメイ,http://www.kamei.co.jp/
401,2220,亀田製菓,http://www.kamedaseika.co.jp/
402,2229,カルビー,http://www.calbee.co.jp/index.php
403,7952,河合楽器製作所,http://www.kawai.co.jp/
404,9107,川崎汽船,http://www.kline.co.jp/
405,7012,川崎重工業,http://www.khi.co.jp/
406,3443,川田テクノロジーズ,http://www.kawada.jp/
407,2664,カワチ薬品,http://www.cawachi.co.jp/
408,9322,川西倉庫,http://www.kawanishi.co.jp/
409,8545,関西アーバン銀行,http://www.kansaiurban.co.jp/
410,9919,関西スーパーマーケット,http://www.kansaisuper.co.jp/company/
411,9503,関西電力,http://www.kepco.co.jp/
412,4613,関西ペイント,http://www.kansai.co.jp/
413,1942,関電工,http://www.kandenko.co.jp/
414,4047,関東電化工業,http://www.kantodenka.co.jp/
415,3765,ガンホー・オンライン・エンターテイメント,http://www.gungho.co.jp/
416,7181,かんぽ生命保険,http://www.jp-life.japanpost.jp/
417,6861,キーエンス,http://www.keyence.co.jp/
418,2594,キーコーヒー,http://www.keycoffee.co.jp/
419,6036,ＫｅｅＰｅｒ技研,http://www.keepercoating.jp/corp/
420,6289,技研製作所,http://www.giken.com/jp/st/
421,8160,木曽路,http://www.kisoji.co.jp/
422,6317,北川鉄工所,http://www.kiw.co.jp/
423,9930,北沢産業,http://www.kitazawasangyo.co.jp/
424,8551,北日本銀行,http://www.kitagin.co.jp/
425,1866,北野建設,http://www.kitano.co.jp/
426,2930,北の達人コーポレーション,http://www.kitanotatsujin.com/index.php
427,3082,きちり,http://www.kichiri.com/
428,2801,キッコーマン,http://www.kikkoman.co.jp/
429,4547,キッセイ薬品工業,http://www.kissei.co.jp/
430,6498,キッツ,http://www.kitz.co.jp/
431,6409,キトー,http://www.kito.co.jp/
432,6378,木村化工機,http://www.kcpc.co.jp/
433,8107,キムラタン,http://www.kimuratan.co.jp/
434,9368,キムラユニティー,http://www.kimura-unity.co.jp/
435,7908,きもと,http://www.kimoto.co.jp/
436,6538,キャリアインデックス,https://careerindex.co.jp/
437,2410,キャリアデザインセンター,http://type.jp/company/
438,6070,キャリアリンク,http://www.careerlink.co.jp/
439,2698,キャンドゥ,http://www.cando-web.co.jp/
440,7751,キヤノン,http://www.canon.co.jp/
441,7739,キヤノン電子,http://www.canon-elec.co.jp/
442,8060,キヤノンマーケティングジャパン,http://canon.jp/
443,2809,キユーピー,http://www.kewpie.co.jp/company/
444,2335,キューブシステム,http://www.cubesystem.co.jp
445,9508,九州電力,http://www.kyuden.co.jp/
446,7180,九州フィナンシャルグループ,http://www.kyushu-fg.co.jp/
447,8596,九州リースサービス,http://www.k-lease.co.jp/
448,9142,九州旅客鉄道,http://www.jrkyushu.co.jp/
449,1959,九電工,http://www.kyudenko.co.jp/
450,9369,キユーソー流通システム,http://www.krs.co.jp/
451,4569,キョーリン製薬ホールディングス,http://www.kyorin-gr.co.jp/
452,6973,協栄産業,http://www.kyoei.co.jp/
453,5440,共英製鋼,http://www.kyoeisteel.co.jp/
454,9130,共栄タンカー,http://www.kyoeitanker.co.jp/
455,6742,京三製作所,http://www.kyosan.co.jp/
456,6971,京セラ,http://www.kyocera.co.jp/
457,7914,共同印刷,http://www.kyodoprinting.co.jp/
458,7615,京都きもの友禅,http://www.kyotokimonoyuzen.co.jp/
459,8369,京都銀行,http://www.kyotobank.co.jp/
460,7838,共立印刷,http://www.kyoritsu-printing.co.jp/
461,9616,共立メンテナンス,http://www.kyoritsugroup.co.jp/
462,1951,協和エクシオ,http://www.exeo.co.jp
463,6853,共和電業,http://www.kyowa-ei.co.jp/
464,4151,協和発酵キリン,http://www.kyowa-kirin.co.jp/
465,3553,共和レザー,http://www.kyowale.co.jp/
466,7226,極東開発工業,http://www.kyokuto.com/
467,8706,極東証券,http://www.kyokuto-sec.co.jp/
468,8093,極東貿易,http://www.kbk.co.jp/
469,1301,極洋,http://www.kyokuyo.co.jp/
470,8370,紀陽銀行,http://www.kiyobank.co.jp/
471,2503,キリンホールディングス,http://www.kirinholdings.co.jp/
472,3194,キリン堂ホールディングス,http://www.kirindo.co.jp/
473,7122,近畿車輛,http://www.kinkisharyo.co.jp/
474,8118,キング,http://www.king-group.co.jp
475,7962,キングジム,http://www.kingjim.co.jp/
476,9375,近鉄エクスプレス,http://www.kwe.co.jp/
477,9041,近鉄グループホールディングス,http://www.kintetsu-g-hd.co.jp/
478,8244,近鉄百貨店,http://www.d-kintetsu.co.jp/corporate/
479,1944,きんでん,http://www.kinden.co.jp
480,4318,クイック,http://919.jp/
481,8864,空港施設,http://www.afc-group.jp/
482,3034,クオール,http://www.qol-net.co.jp/
483,3549,クスリのアオキホールディングス,https://www.kusuri-aoki-hd.co.jp/
484,2193,クックパッド,http://info.cookpad.com/
485,6047,Ｇｕｎｏｓｙ,http://gunosy.com/
486,6326,クボタ,http://www.kubota.co.jp/
487,7709,クボテック,http://www.kubotek.com/
488,1861,熊谷組,http://www.kumagaigumi.co.jp/
489,3903,ｇｕｍｉ,http://gu3.co.jp/
490,4996,クミアイ化学工業,http://www.kumiai-chem.co.jp/
491,3607,クラウディアホールディングス,http://www.kuraudia.holdings/
492,2695,くらコーポレーション,http://www.kura-corpo.co.jp/
493,3106,倉敷紡績,http://www.kurabo.co.jp/
494,3656,ＫＬａｂ,http://www.klab.jp/
495,6796,クラリオン,http://www.clarion.com/
496,3405,クラレ,http://www.kuraray.co.jp/
497,8999,グランディハウス,http://www.grandy.co.jp/
498,3632,グリー,http://gree.co.jp/
499,4763,クリーク・アンド・リバー社,http://www.cri.co.jp/
500,5187,クリエートメディック,http://www.createmedic.co.jp/
501,3148,クリエイトＳＤホールディングス,http://www.createsdhd.co.jp/
502,3387,クリエイト・レストランツ・ホールディングス,http://www.createrestaurants.com/
503,6370,栗田工業,http://www.kurita.co.jp/
504,7955,クリナップ,http://www.cleanup.co.jp/
505,5602,栗本鐵工所,http://www.kurimoto.co.jp/index.htm
506,2440,ぐるなび,http://www.gnavi.co.jp/company/
507,9850,グルメ杵屋,http://www.gourmet-kineya.co.jp/
508,4674,クレスコ,http://www.cresco.co.jp/
509,8253,クレディセゾン,http://corporate.saisoncard.co.jp/
510,4023,クレハ,http://www.kureha.co.jp/
511,6189,グローバルグループ,http://www.globalg.co.jp/
512,7990,グローブライド,http://www.globeride.co.jp/
513,6457,グローリー,http://www.glory.co.jp/
514,5352,黒崎播磨,http://www.krosaki.co.jp/
515,7517,黒田電気,http://www.kuroda-electric.co.jp/
516,9428,クロップス,http://www.crops.ne.jp/
517,4229,群栄化学工業,http://www.gunei-chemical.co.jp/
518,3002,グンゼ,http://www.gunze.co.jp/
519,8334,群馬銀行,http://www.gunmabank.co.jp/
520,1663,Ｋ＆Ｏエナジーグループ,http://www.k-and-o-energy.co.jp/
521,4189,ＫＨネオケム,http://www.khneochem.co.jp/
522,9726,ＫＮＴ－ＣＴホールディングス,http://www.kntcthd.co.jp/
523,8282,ケーズホールディングス,http://www.ksdenki.com/ir/
524,9433,ＫＤＤＩ,http://www.kddi.com/
525,7251,ケーヒン,http://www.keihin-corp.co.jp/
526,9856,ケーユーホールディングス,http://www.ku-hd.com/
527,8168,ケーヨー,http://www.keiyo.co.jp/
528,3465,ケイアイスター不動産,http://www.ki-group.co.jp/
529,9008,京王電鉄,http://www.keio.co.jp/
530,9009,京成電鉄,http://www.keisei.co.jp/
531,8818,京阪神ビルディング,http://www.keihanshin.co.jp/
532,9045,京阪ホールディングス,http://www.keihan-holdings.co.jp/
533,9312,ケイヒン,http://www.keihin.co.jp/
534,9006,京浜急行電鉄,http://www.keikyu.co.jp/
535,8544,京葉銀行,http://www.keiyobank.co.jp/
536,7242,ＫＹＢ,http://www.kyb.co.jp/
537,2681,ゲオホールディングス,http://www.geonet.co.jp/
538,4321,ケネディクス,http://www.kenedix.com/company/
539,9267,Ｇｅｎｋｙ ＤｒｕｇＳｔｏｒｅｓ,http://www.genkydrugstores.co.jp
540,9828,元気寿司,http://www.genkisushi.co.jp/
541,2915,ケンコーマヨネーズ,http://www.kenkomayo.co.jp/
542,9621,建設技術研究所,http://www.ctie.co.jp/
543,6999,ＫＯＡ,http://www.koanet.co.jp/
544,3635,コーエーテクモホールディングス,http://www.koeitecmo.co.jp/
545,4922,コーセー,http://www.kose.co.jp/
546,3246,コーセーアールイー,http://www.kose-re.jp/
547,6905,コーセル,http://www.cosel.co.jp/
548,7516,コーナン商事,http://www.hc-kohnan.com/
549,8111,ゴールドウイン,http://www.goldwin.co.jp/
550,8871,ゴールドクレスト,http://www.goldcrest.co.jp/
551,2359,コア,http://www.core.co.jp/
552,7276,小糸製作所,http://www.koito.co.jp/
553,4097,高圧ガス工業,http://www.koatsugas.co.jp/
554,5603,虹技,http://www.kogi.co.jp/
555,8425,興銀リース,http://www.ibjl.co.jp/
556,7868,廣済堂,http://www.kosaido.co.jp/
557,5976,高周波熱錬,http://www.k-neturen.co.jp
558,8617,光世証券,http://www.kosei.co.jp/
559,7504,高速,http://www.kohsoku.com/
560,8416,高知銀行,http://www.kochi-bank.co.jp/
561,5410,合同製鐵,http://www.godo-steel.co.jp/
562,9025,鴻池運輸,http://www.konoike.net/
563,5406,神戸製鋼所,http://www.kobelco.co.jp/
564,9046,神戸電鉄,http://www.shintetsu.co.jp/
565,3038,神戸物産,http://www.kobebussan.co.jp/
566,7554,幸楽苑ホールディングス,http://www.kourakuen.co.jp/
567,2579,コカ・コーラボトラーズジャパン,https://www.ccbji.co.jp/
568,1605,国際石油開発帝石,http://www.inpex.co.jp/
569,7984,コクヨ,http://www.kokuyo.co.jp/
570,3098,ココカラファイン,http://www.cocokarafine.co.jp/
571,2157,コシダカホールディングス,http://www.koshidaka.co.jp/
572,7513,コジマ,http://www.kojima.net/
573,5021,コスモエネルギーホールディングス,http://ceh.cosmo-oil.co.jp/index.html
574,3349,コスモス薬品,http://www.cosmospc.co.jp/
575,4923,コタ,http://www.cota.co.jp/
576,2222,寿スピリッツ,http://www.kotobukispirits.co.jp/
577,7494,コナカ,http://www.konaka.co.jp/
578,9766,コナミホールディングス,http://www.konami.co.jp/
579,4902,コニカミノルタ,http://konicaminolta.jp/
580,4956,コニシ,http://www.bond.co.jp
581,9422,コネクシオ,http://www.conexio.co.jp/
582,8077,小林産業,http://www.kobayashi-metals.co.jp/
583,4967,小林製薬,http://www.kobayashi.co.jp/
584,8742,小林洋行,http://www.kobayashiyoko.com/
585,5915,駒井ハルテック,http://www.komaihaltec.co.jp/
586,7949,小松ウオール工業,http://www.komatsuwall.co.jp/
587,6301,小松製作所,http://www.komatsu.co.jp/
588,3580,小松精練,http://www.komatsuseiren.co.jp/
589,1721,コムシスホールディングス,http://www.comsys-hd.co.jp/
590,3844,コムチュア,http://www.comture.com/
591,3543,コメダホールディングス,http://www.komeda-holdings.co.jp/
592,8218,コメリ,http://www.komeri.bit.or.jp/
593,6349,小森コーポレーション,http://www.komori.co.jp/
594,1893,五洋建設,http://www.penta-ocean.co.jp/
595,3319,ゴルフダイジェスト・オンライン,http://www.golfdigest.co.jp/
596,5909,コロナ,http://www.corona.co.jp/
597,3668,コロプラ,http://colopl.co.jp/
598,7616,コロワイド,http://www.colowide.co.jp/
599,7186,コンコルディア・フィナンシャルグループ,http://www.concordia-fg.jp
600,7438,コンドーテック,http://www.kondotec.co.jp/
601,2734,サーラコーポレーション,http://www.sala.jp/
602,7581,サイゼリヤ,http://www.saizeriya.co.jp/
603,2376,サイネックス,http://www.scinex.co.jp/
604,4751,サイバーエージェント,http://www.cyberagent.co.jp/
605,3852,サイバーコム,http://www.cy-com.co.jp/
606,3683,サイバーリンクス,http://www.cyber-l.co.jp
607,4312,サイバネットシステム,http://www.cybernet.co.jp/
608,9536,西部瓦斯,http://www.saibugas.co.jp/
609,4776,サイボウズ,http://www.cybozu.co.jp/
610,9986,蔵王産業,http://www.zaohnet.co.jp/
611,3408,サカイオーベックス,http://www.sakaiovex.co.jp/
612,4078,堺化学工業,http://www.sakai-chem.co.jp/
613,6358,酒井重工業,http://www.sakainet.co.jp/
614,9039,サカイ引越センター,http://www.hikkoshi-sakai.co.jp/
615,8395,佐賀銀行,http://www.sagabank.co.jp/
616,4633,サカタインクス,http://www.inx.co.jp/
617,1377,サカタのタネ,http://www.sakataseed.co.jp/
618,8201,さが美,http://www.sgm.co.jp/
619,9900,サガミチェーン,http://www.sagami.co.jp/
620,6675,サクサホールディングス,http://www.saxa.co.jp/about/group/index.html#01
621,3778,さくらインターネット,http://www.sakura.ad.jp/
622,3271,ＴＨＥグローバル社,http://www.the-g.co.jp/
623,1826,佐田建設,http://www.satakensetsu.co.jp/
624,9990,サックスバー　ホールディングス,http://www.sacs-bar.co.jp/
625,3770,ザッパラス,http://www.zappallas.com/
626,2501,サッポロホールディングス,http://www.sapporoholdings.jp/
627,3544,サツドラホールディングス,https://satudora-hd.co.jp/
628,6287,サトーホールディングス,http://www.sato.co.jp/
629,8065,佐藤商事,http://www.satoshoji.co.jp/
630,7420,佐鳥電機,http://www.satori.co.jp/
631,4651,サニックス,http://sanix.jp
632,7022,サノヤスホールディングス,http://www.sanoyas.co.jp/
633,3950,ザ・パック,http://www.thepack.co.jp/
634,3436,ＳＵＭＣＯ,http://www.sumcosi.com/
635,6387,サムコ,http://www.samco.co.jp/
636,4555,沢井製薬,http://www.sawai.co.jp/
637,6901,澤藤電機,http://www.sawafuji.co.jp/
638,8097,三愛石油,http://www.san-ai-oil.co.jp/
639,8381,山陰合同銀行,http://www.gogin.co.jp/
640,2659,サンエー,http://www.san-a.co.jp
641,3228,三栄建築設計,http://www.san-a.com/
642,6584,三櫻工業,http://www.sanoh.com/flash/japanese/
643,1961,三機工業,http://www.sanki.co.jp
644,9065,山九,http://www.sankyu.co.jp/
645,6417,三共,http://www.sankyo-fever.co.jp/
646,8018,三共生興,http://www.sankyoseiko.co.jp/
647,5932,三協立山,http://www.st-grp.co.jp/
648,8130,サンゲツ,http://www.sangetsu.co.jp/
649,6707,サンケン電気,http://www.sanken-ele.co.jp/
650,5985,サンコール,http://www.suncall.co.jp/
651,1972,三晃金属工業,http://www.sankometal.co.jp/
652,8150,三信電気,http://www.sanshin.co.jp/
653,3277,サンセイランディック,http://www.sansei-l.co.jp/
654,4536,参天製薬,http://www.santen.co.jp/
655,6444,サンデンホールディングス,http://www.sanden.co.jp/
656,9989,サンドラッグ,http://www.sundrug.co.jp/
657,2587,サントリー食品インターナショナル,http://www.suntory.co.jp/sbf/
658,8934,サンフロンティア不動産,http://www.sunfrt.co.jp/
659,9628,燦ホールディングス,http://www.san-hd.co.jp/
660,3395,サンマルクホールディングス,http://www.saint-marc-hd.com/
661,8904,サンヨーハウジング名古屋,http://www.sanyo-hn.co.jp/
662,1420,サンヨーホームズ,http://www.sanyohomes.co.jp/
663,4471,三洋化成工業,http://www.sanyo-chemical.co.jp/
664,5958,三洋工業,http://www.sanyo-industries.co.jp/
665,8011,三陽商会,http://www.sanyo-shokai.co.jp/
666,6516,山洋電気,http://www.sanyodenki.co.jp/
667,9052,山陽電気鉄道,http://www.sanyo-railway.co.jp/
668,5481,山陽特殊製鋼,http://sancs.sanyo-steel.co.jp/
669,3176,三洋貿易,http://www.sanyo-trading.co.jp/
670,8136,サンリオ,http://www.sanrio.co.jp/
671,9366,サンリツ,http://www.srt.co.jp/
672,8137,サンワテクノス,http://www.sunwa.co.jp/
673,5929,三和ホールディングス,http://www.sanwa-hldgs.co.jp/
674,3458,シーアールイー,http://www.cre-jpn.com/
675,4826,ＣＩＪ,http://www.cij.co.jp/
676,9692,シーイーシー,http://www.cec-ltd.co.jp/
677,4320,ＣＥホールディングス,http://www.ce-hd.co.jp/index.html
678,4725,ＣＡＣ　Ｈｏｌｄｉｎｇｓ,http://www.cac.co.jp/
679,8101,ＧＳＩクレオス,http://www.gsi.co.jp/
680,6674,ジーエス・ユアサ　コーポレーション,http://www.gs-yuasa.com/jp/index.php
681,9449,ＧＭＯインターネット,http://www.gmo.jp/
682,3788,ＧＭＯクラウド,http://ir.gmocloud.com/
683,3769,ＧＭＯペイメントゲートウェイ,http://www.gmo-pg.com/
684,7214,ＧＭＢ,http://www.gmb.jp/
685,7613,シークス,http://www.siix.co.jp/
686,6407,ＣＫＤ,http://www.ckd.co.jp/
687,2174,ＧＣＡ,http://www.gcaglobal.co.jp/
688,4924,シーズ・ホールディングス,http://ci-z-holdings.com/news/
689,7508,Ｇ－７ホールディングス,http://www.g-7holdings.co.jp/
690,2169,ＣＤＳ,http://www.cds-japan.jp/
691,4345,シーティーエス,http://www.cts-h.co.jp/
692,2487,ＣＤＧ,http://www.cdg.co.jp/
693,5970,ジーテクト,http://www.g-tekt.jp/
694,7743,シード,http://www.seed.co.jp/
695,2686,ジーフット,http://www.g-foot.co.jp/
696,4926,シーボン,http://www.cbon.co.jp/
697,7448,ジーンズメイト,http://www.jeansmate.co.jp/
698,2687,シー・ヴイ・エス・ベイエリア,http://www.cvs-bayarea.co.jp/
699,4552,ＪＣＲファーマ,http://www.jcrpharm.co.jp/
700,2124,ジェイエイシーリクルートメント,http://www.jacjapan.co.jp/
701,4185,ＪＳＲ,http://www.jsr.co.jp/
702,7942,ジェイ　エス　ピー,http://www.co-jsp.co.jp/
703,5020,JXTGホールディングス,http://www.hd.jxtg-group.co.jp/index.html
704,5411,ジェイ　エフ　イー　ホールディングス,http://www.jfe-holdings.co.jp/
705,7702,ジェイ・エム・エス,http://www.hello-jms.co.jp/
706,2613,Ｊ－オイルミルズ,http://www.j-oil.com/
707,9896,ＪＫホールディングス,http://www.jkhd.co.jp/
708,4975,ＪＣＵ,http://www.jcu-i.com/index.html
709,6473,ジェイテクト,http://www.jtekt.co.jp/
710,9889,ＪＢＣＣホールディングス,http://www.jbcchd.co.jp/
711,2749,ＪＰホールディングス,http://www.jp-holdings.co.jp/
712,6632,ＪＶＣケンウッド,http://www.jvckenwood.com/
713,3086,Ｊ．フロント　リテイリング,http://www.j-front-retailing.com/
714,9991,ジェコス,http://www.gecoss.co.jp/
715,4507,塩野義製薬,http://www.shionogi.co.jp
716,8366,滋賀銀行,http://www.shigagin.com/
717,3109,シキボウ,http://www.shikibo.co.jp/
718,6088,シグマクシス,http://www.sigmaxyz.com/
719,4099,四国化成工業,http://www.shikoku.co.jp/
720,8387,四国銀行,http://www.shikokubank.co.jp/
721,9507,四国電力,http://www.yonden.co.jp/
722,9543,静岡ガス,http://www.shizuokagas.co.jp/
723,8355,静岡銀行,http://www.shizuokabank.co.jp/
724,2317,システナ,http://www.systena.co.jp/
725,3826,システムインテグレータ,http://www.sint.co.jp/
726,7527,システムソフト,http://www.systemsoft.co.jp/
727,3771,システムリサーチ,http://www.sr-net.co.jp/index.html
728,6869,シスメックス,http://www.sysmex.co.jp/
729,4911,資生堂,http://www.shiseido.co.jp/
730,8341,七十七銀行,http://www.77bank.co.jp/
731,7762,シチズン時計,http://www.citizen.co.jp/
732,3360,シップヘルスケアホールディングス,http://www.shiphd.co.jp/
733,5351,品川リフラクトリーズ,http://www.shinagawa.co.jp/
734,8132,シナネンホールディングス,http://www.sinanengroup.co.jp/
735,6590,芝浦メカトロニクス,http://www.shibaura.co.jp/
736,9304,澁澤倉庫,http://www.shibusawa.co.jp/
737,6340,澁谷工業,http://www.shibuya.co.jp/
738,6222,島精機製作所,http://www.shimaseiki.co.jp/
739,8184,島忠,http://www.shimachu.co.jp/
740,7701,島津製作所,http://www.shimadzu.co.jp/
741,7150,島根銀行,http://www.shimagin.co.jp/
742,7309,シマノ,http://www.shimano.co.jp/
743,8227,しまむら,http://www.shimamura.gr.jp/
744,8364,清水銀行,http://www.shimizubank.co.jp/
745,1803,清水建設,http://www.shimz.co.jp/
746,2309,シミックホールディングス,http://www.cmic.co.jp/
747,7482,シモジマ,http://www.shimojima.co.jp/
748,7161,じもとホールディングス,http://www.jimoto-hd.co.jp
749,6753,シャープ,http://www.sharp.co.jp/
750,9717,ジャステック,http://www.jastec.co.jp/
751,4686,ジャストシステム,http://www.justsystem.co.jp/
752,8584,ジャックス,http://www.jaccs.co.jp/
753,6445,蛇の目ミシン工業,http://www.janome.co.jp/
754,6740,ジャパンディスプレイ,http://www.j-display.com/
755,2599,ジャパンフーズ,http://www.japanfoods.co.jp/
756,2453,ジャパンベストレスキューシステム,http://www.jbr.co.jp/
757,6055,ジャパンマテリアル,http://www.j-material.jp/
758,8595,ジャフコ,http://www.jafco.co.jp/
759,7408,ジャムコ,http://www.jamco.co.jp/
760,2729,ＪＡＬＵＸ,http://www.jalux.com/
761,6440,ＪＵＫＩ,http://www.juki.co.jp/
762,3157,ジューテックホールディングス,http://www.jutec-hd.jp
763,4678,秀英予備校,http://www.shuei-yobiko.co.jp/index.shtml
764,8396,十八銀行,http://www.18bank.co.jp/
765,8356,十六銀行,http://www.juroku.co.jp/
766,3179,シュッピン,http://www.syuppin.co.jp/
767,7839,ＳＨＯＥＩ,http://jp.shoei.com/
768,3909,ショーケース・ティービー,http://www.showcase-tv.com/
769,7819,ＳＨＯ－ＢＩ,http://www.sho-bi.jp/index.php
770,1414,ショーボンドホールディングス,http://www.sho-bondhd.jp/
771,7274,ショーワ,http://www.showa1.com/
772,3191,ジョイフル本田,http://www.joyfulhonda.com/
773,8079,正栄食品工業,http://www.shoeifoods.co.jp/
774,8090,昭光通商,http://www.shoko.co.jp/
775,8173,上新電機,http://www.joshin.co.jp/
776,9104,商船三井,http://www.mol.co.jp/
777,9601,松竹,http://www.shochiku.co.jp/
778,9675,常磐興産,http://www.joban-kosan.com/
779,7979,松風,http://www.shofu.co.jp/
780,9475,昭文社,http://www.mapple.co.jp/
781,2004,昭和産業,http://www.showa-sangyo.co.jp/
782,5002,昭和シェル石油,http://www.showa-shell.co.jp/
783,4004,昭和電工,http://www.sdk.co.jp/
784,5805,昭和電線ホールディングス,http://www.swcc.co.jp/
785,3004,神栄,http://www.shinyei.co.jp/
786,4063,信越化学工業,http://www.shinetsu.co.jp/
787,7970,信越ポリマー,http://www.shinpoly.co.jp/
788,9760,進学会,http://www.shingakukai.co.jp/
789,6274,新川,http://www.shinkawa.com/
790,8421,信金中央金庫,http://www.shinkin-central-bank.jp/company/
791,3963,シンクロ・フード,http://www.synchro-food.co.jp/
792,9014,新京成電鉄,http://www.shinkeisei.co.jp/
793,6458,新晃工業,http://www.sinko.co.jp/
794,8075,神鋼商事,http://www.shinsho.co.jp/
795,8141,新光商事,http://www.shinko-sj.co.jp/
796,6967,新光電気工業,http://www.shinko.co.jp/
797,7782,シンシア,http://www.sincere-vision.com/
798,3046,ジンズ,http://www.jin-co.com/
799,8303,新生銀行,http://www.shinseibank.com/
800,6844,新電元工業,http://www.shindengen.co.jp/
801,6339,新東工業,http://www.sinto.co.jp
802,4615,神東塗料,http://www.shintopaint.co.jp/
803,6319,シンニッタン,http://www.snt.co.jp/
804,5401,新日鐵住金,http://www.nssmc.com/
805,2327,新日鉄住金ソリューションズ,http://www.ns-sol.co.jp/
806,1952,新日本空調,http://www.snk.co.jp
807,1879,新日本建設,http://www.shinnihon-c.co.jp/
808,5563,新日本電工,http://www.nippondenko.co.jp/
809,2395,新日本科学,http://www.snbl.co.jp/
810,6911,新日本無線,http://www.njr.co.jp/
811,4406,新日本理化,http://www.nj-chem.co.jp/
812,6507,シンフォニア　テクノロジー,http://www.sinfo-t.jp/
813,7224,新明和工業,http://www.shinmaywa.co.jp/
814,7607,進和,http://www.shinwa-jpn.co.jp/
815,3197,すかいらーく,http://www.skylark.co.jp/index.html
816,9412,スカパーＪＳＡＴホールディングス,http://www.skyperfectjsat.co.jp/
817,4845,スカラ,http://scalagrp.jp
818,7649,スギホールディングス,http://www.drug-sugi.co.jp/hd/
819,9932,杉本商事,http://www.sugi-net.co.jp/
820,9684,スクウェア・エニックス・ホールディングス,http://www.square-enix.com/jpn/
821,7735,ＳＣＲＥＥＮホールディングス,http://www.screen.co.jp/
822,8005,スクロール,http://www.scroll.jp/top/
823,6947,図研,http://www.zuken.co.jp/
824,3563,スシローグローバルホールディングス,http://www.sushiroglobalholdings.com/
825,6785,鈴木,http://www.suzukinet.co.jp/
826,7269,スズキ,http://www.suzuki.co.jp/
827,9987,スズケン,http://www.suzuken.co.jp/
828,7480,スズデン,http://www.suzuden.co.jp/
829,7718,スター精密,http://www.star-micronics.co.jp/
830,8043,スターゼン,http://www.starzen.co.jp/
831,8850,スターツコーポレーション,http://www.starts.co.jp/
832,3393,スターティア,http://www.startia.co.jp/
833,3092,スタートトゥデイ,http://www.starttoday.jp/
834,3230,スター・マイカ,http://www.starmica.co.jp/
835,2305,スタジオアリス,http://www.studio-alice.co.jp/
836,6923,スタンレー電気,http://www.stanley.co.jp/
837,8089,すてきナイスグループ,http://www.suteki-nice.jp/
838,9795,ステップ,http://www.stepv.co.jp/
839,4109,ステラ　ケミファ,http://www.stella-chemifa.co.jp/
840,6196,ストライク,http://www.strike.co.jp/
841,7816,スノーピーク,http://www.snowpeak.co.jp/
842,7270,ＳＵＢＡＲＵ,https://www.subaru.co.jp/
843,9632,スバル興業,http://www.subaru-kougyou.jp/
844,9622,スペース,http://www.space-tokyo.co.jp/
845,1514,住石ホールディングス,http://www.sumiseki.co.jp/
846,6817,スミダコーポレーション,http://www.sumida.com/
847,5232,住友大阪セメント,http://www.soc.co.jp
848,4005,住友化学,http://www.sumitomo-chem.co.jp/
849,5713,住友金属鉱山,http://www.smm.co.jp
850,5110,住友ゴム工業,http://www.srigroup.co.jp/corporate/index.html
851,6302,住友重機械工業,http://www.shi.co.jp/
852,8053,住友商事,http://www.sumitomocorp.co.jp/
853,4008,住友精化,http://www.sumitomoseika.co.jp/
854,6355,住友精密工業,http://www.spp.co.jp
855,9303,住友倉庫,http://www.sumitomo-soko.co.jp/
856,5802,住友電気工業,http://www.sei.co.jp/
857,1949,住友電設,http://www.sem.co.jp/
858,8830,住友不動産,http://www.sumitomo-rd.co.jp/
859,4203,住友ベークライト,http://www.sumibe.co.jp/
860,5191,住友理工,http://www.sumitomoriko.co.jp/
861,1911,住友林業,http://www.sfc.co.jp/
862,3501,住江織物,http://www.suminoe.jp/
863,8358,スルガ銀行,http://www.surugabank.co.jp/
864,3569,セーレン,http://www.seiren.com/
865,4548,生化学工業,http://www.seikagaku.co.jp/
866,8061,西華産業,http://www.seika.com/
867,1898,世紀東急工業,http://www.seikitokyu.co.jp/
868,6724,セイコーエプソン,http://www.epson.jp/company/
869,8050,セイコーホールディングス,http://www.seiko.co.jp/
870,4963,星光ＰＭＣ,http://www.seikopmc.co.jp/
871,9076,セイノーホールディングス,http://www.seino.co.jp/seino/shd/
872,1937,西部電気工業,http://www.seibu-denki.co.jp/
873,9024,西武ホールディングス,http://www.seibuholdings.co.jp/
874,6460,セガサミーホールディングス,http://www.segasammy.co.jp/
875,4204,積水化学工業,http://www.sekisui.co.jp/
876,4228,積水化成品工業,http://www.sekisuiplastics.co.jp/
877,4212,積水樹脂,http://www.sekisuijushi.co.jp/
878,1928,積水ハウス,http://www.sekisuihouse.co.jp/
879,1662,石油資源開発,http://www.japex.co.jp/
880,9735,セコム,http://www.secom.co.jp/
881,3741,セック,http://www.sec.co.jp
882,1811,錢高組,http://www.zenitaka.co.jp
883,8281,ゼビオホールディングス,http://www.xebio.co.jp/
884,3382,セブン＆アイ・ホールディングス,http://www.7andi.com/
885,6199,セラク,http://www.seraku.co.jp/
886,4559,ゼリア新薬工業,http://www.zeria.co.jp/
887,3696,セレス,http://ceres-inc.jp/
888,9069,センコーグループホールディングス,http://www.senkogrouphd.co.jp/
889,7164,全国保証,http://www.zenkoku.co.jp/
890,9824,泉州電業,http://www.senden.co.jp/
891,8165,千趣会,http://www.senshukai.co.jp
892,7550,ゼンショーホールディングス,http://www.zensho.co.jp/
893,2374,セントケア・ホールディング,http://www.saint-care.com/
894,4044,セントラル硝子,http://www.cgco.co.jp/
895,9740,セントラル警備保障,http://www.we-are-csp.co.jp/Default.aspx
896,4801,セントラルスポーツ,http://www.central.co.jp/
897,6540,船場,http://www.semba1008.co.jp/
898,9474,ゼンリン,http://www.zenrin.co.jp/
899,8410,セブン銀行,http://www.sevenbank.co.jp/
900,4344,ソースネクスト,http://www.sourcenext.com/
901,8158,ソーダニッカ,http://www.sodanikka.co.jp/
902,2331,綜合警備保障,http://www.alsok.co.jp/
903,4775,総合メディカル,http://www.sogo-medical.co.jp/
904,2768,双日,http://www.sojitz.com/jp/
905,6938,双信電機,http://www.soshin.co.jp/
906,9003,相鉄ホールディングス,http://www.sotetsu.co.jp/
907,6143,ソディック,http://www.sodick.co.jp/
908,3571,ソトー,http://www.sotoh.co.jp/
909,6758,ソニー,http://www.sony.co.jp
910,8729,ソニーフィナンシャルホールディングス,http://www.sonyfh.co.jp/
911,1768,ソネック,http://www.sonec-const.co.jp/
912,3371,ソフトクリエイトホールディングス,http://www.softcreate.co.jp
913,9984,ソフトバンクグループ,http://www.softbank.co.jp/
914,4726,ソフトバンク・テクノロジー,http://www.softbanktech.co.jp/corp/
915,4779,ソフトブレーン,http://www.softbrain.co.jp/
916,6197,ソラスト,http://www.solasto.co.jp/
917,3040,ソリトンシステムズ,http://www.soliton.co.jp/
918,4284,ソルクシーズ,http://www.solxyz.co.jp/
919,8630,ＳＯＭＰＯホールディングス,http://www.sompo-hd.com/
920,1716,第一カッター興業,http://www.daiichi-cutter.co.jp/
921,4461,第一工業製薬,http://www.dks-web.co.jp/
922,7458,第一興商,http://www.dkkaraoke.co.jp/
923,4568,第一三共,http://www.daiichisankyo.co.jp/
924,8059,第一実業,http://www.djk.co.jp/
925,6640,第一精工,http://www.daiichi-seiko.co.jp/
926,8750,第一生命ホールディングス,http://www.dai-ichi-life-hd.com/
927,2215,第一屋製パン,http://www.daiichipan.co.jp/
928,4653,ダイオーズ,http://daiohs.com/
929,3880,大王製紙,http://www.daio-paper.co.jp/
930,4231,タイガースポリマー,http://www.tigers.co.jp/
931,4245,ダイキアクシス,http://www.daiki-axis.com/
932,5702,大紀アルミニウム工業所,http://www.dik-net.com/
933,1979,大気社,http://www.taikisha.co.jp/index.html
934,4246,ダイキョーニシカワ,http://www.daikyonishikawa.co.jp/jp/
935,8840,大京,http://www.daikyo.co.jp/
936,6367,ダイキン工業,http://www.daikin.co.jp/
937,7775,大研医器,http://www.daiken-iki.co.jp/
938,7905,大建工業,http://www.daiken.jp/
939,8537,大光銀行,http://www.taikobank.jp/
940,8692,だいこう証券ビジネス,http://www.daiko-sb.co.jp/
941,4574,大幸薬品,http://www.seirogan.co.jp/
942,6430,ダイコク電機,http://www.daikoku.co.jp/
943,2791,大黒天物産,http://www.e-dkt.co.jp/
944,8529,第三銀行,http://www.daisanbank.co.jp/
945,6138,ダイジェット工業,http://www.dijet.co.jp/
946,8324,第四銀行,http://www.daishi-bank.co.jp/
947,9979,大庄,http://www.daisyo.co.jp/
948,4581,大正製薬ホールディングス,http://www.taisho-holdings.co.jp/
949,6962,大真空,http://www.kds.info/
950,1814,大末建設,http://www.daisue.co.jp/
951,1801,大成建設,http://www.taisei.co.jp/
952,4994,大成ラミック,http://www.lamick.co.jp/
953,9793,ダイセキ,http://www.daiseki.co.jp/
954,1712,ダイセキ環境ソリューション,http://www.daiseki-eco.co.jp/
955,4202,ダイセル,http://www.daicel.com/
956,1980,ダイダン,http://www.daidan.co.jp
957,4577,ダイト,http://www.daitonet.co.jp/
958,2590,ダイドーグループホールディングス,https://www.dydo-ghd.co.jp/
959,3205,ダイドーリミテッド,http://www.daidoh-limited.com/
960,8563,大東銀行,http://www.daitobank.co.jp/
961,1878,大東建託,http://www.kentaku.co.jp/
962,6373,大同工業,http://www.did-daido.co.jp/
963,5471,大同特殊鋼,http://www.daido.co.jp/
964,3202,ダイトウボウ,http://www.daitobo.co.jp/
965,7245,大同メタル工業,http://www.daidometal.com/
966,7609,ダイトロン,http://www.daitron.co.jp/
967,5951,ダイニチ工業,http://www.dainichi-net.co.jp/
968,4116,大日精化工業,http://www.daicolor.co.jp/
969,3551,ダイニック,http://www.dynic.co.jp/
970,7912,大日本印刷,http://www.dnp.co.jp/index_j.html
971,4506,大日本住友製薬,http://www.ds-pharma.co.jp/
972,4611,大日本塗料,http://www.dnt.co.jp/
973,8806,ダイビル,http://www.daibiru.co.jp/
974,6383,ダイフク,http://www.daifuku.co.jp/
975,1968,太平電業,http://www.taihei-dengyo.co.jp/
976,5541,大平洋金属,http://www.pacific-metals.co.jp/
977,7250,太平洋工業,http://www.pacific-ind.co.jp/
978,8835,太平洋興発,http://www.taiheiyo.net/
979,5233,太平洋セメント,http://www.taiheiyo-cement.co.jp
980,6622,ダイヘン,http://www.daihen.co.jp/
981,1822,大豊建設,http://www.daiho.co.jp/
982,6470,大豊工業,http://www.taihonet.co.jp/
983,3546,ダイユー・リックホールディングス,http://www.daiyulic-hd.co.jp/
984,None,ダイユーエイト,http://www.daiyu8.co.jp/
985,4091,大陽日酸,http://www.tn-sanso.co.jp/
986,4626,太陽ホールディングス,http://www.taiyo-hd.co.jp/
987,6976,太陽誘電,http://www.yuden.co.jp/
988,2883,大冷,http://www.dai-rei.co.jp/
989,8601,大和証券グループ本社,http://www.daiwa-grp.jp/
990,1925,大和ハウス工業,http://www.daiwahouse.co.jp/
991,3107,ダイワボウホールディングス,http://www.daiwabo-holdings.com/
992,6459,大和冷機工業,http://www.drk.co.jp/
993,6325,タカキタ,http://www.takakita-net.co.jp/
994,8166,タカキュー,http://www.taka-q.com/
995,4914,高砂香料工業,http://www.takasago.com/ja/
996,1969,高砂熱学工業,http://www.tte-net.co.jp/
997,8007,高島,http://www.tak.co.jp/
998,8233,高島屋,http://www.takashimaya.co.jp/
999,5923,高田機工,http://www.takadakiko.com/
1000,2676,高千穂交易,http://www.takachiho-kk.co.jp/
1001,7885,タカノ,http://www.takano-net.co.jp/
1002,1762,高松コンストラクショングループ,http://www.takamatsu-cg.co.jp/
1003,7921,宝印刷,http://www.takara-print.co.jp/
1004,7981,タカラスタンダード,http://www.takara-standard.co.jp/
1005,7867,タカラトミー,http://www.takaratomy.co.jp/
1006,4974,タカラバイオ,http://www.takara-bio.co.jp/
1007,2531,宝ホールディングス,http://www.takara.co.jp/
1008,8897,タカラレーベン,http://www.leben.co.jp/
1009,4025,多木化学,http://www.takichem.co.jp/
1010,6121,滝澤鉄工所,http://www.takisawa.co.jp/
1011,9982,タキヒヨー,http://www.takihyo.co.jp/
1012,4215,タキロンシーアイ,https://www.takiron-ci.co.jp/index.php
1013,6013,タクマ,http://www.takuma.co.jp/
1014,6432,竹内製作所,http://www.takeuchi-mfg.co.jp/
1015,2151,タケエイ,http://www.takeei.co.jp/
1016,4502,武田薬品工業,http://www.takeda.co.jp/
1017,7510,たけびし,http://www.takebishi.co.jp/
1018,4248,竹本容器,http://www.takemotokk.co.jp/
1019,4665,ダスキン,http://www.duskin.co.jp/
1020,6395,タダノ,http://www.tadano.co.jp/
1021,7239,タチエス,http://www.tachi-s.co.jp/
1022,7989,立川ブラインド工業,http://www.blind.co.jp/
1023,8159,立花エレテック,http://www.tachibana.co.jp/
1024,5809,タツタ電線,http://www.tatsuta.co.jp/
1025,7619,田中商事,http://www.tanakashoji.co.jp/
1026,9644,タナベ経営,http://www.tanabekeiei.co.jp/
1027,4508,田辺三菱製薬,http://www.mt-pharma.co.jp/
1028,6624,田淵電機,http://www.zbr.co.jp/
1029,2475,ＷＤＢホールディングス,http://www.wdb.com/
1030,6619,ダブル・スコープ,http://w-scope.co.jp/
1031,1419,タマホーム,http://www.tamahome.jp/
1032,6768,タムラ製作所,http://www.tamura-ss.co.jp/
1033,7740,タムロン,http://www.tamron.co.jp/
1034,4679,田谷,http://www.taya.co.jp/
1035,9743,丹青社,http://www.tanseisha.co.jp/
1036,5337,ダントーホールディングス,http://www.danto.co.jp/
1037,7825,ダンロップスポーツ,http://www.dunlopsports.co.jp/
1038,4098,チタン工業,http://www.titankogyo.co.jp/
1039,6850,チノー,http://www.chino.co.jp/
1040,8331,千葉銀行,http://www.chibabank.co.jp/
1041,8337,千葉興業銀行,http://www.chibakogyo-bank.co.jp/
1042,3178,チムニー,http://www.chimney.co.jp/
1043,3877,中越パルプ工業,http://www.chuetsu-pulp.co.jp/
1044,9319,中央倉庫,http://www.chuosoko.co.jp/
1045,5992,中央発條,http://www.chkk.co.jp/
1046,4519,中外製薬,http://www.chugai-pharm.co.jp
1047,1964,中外炉工業,http://www.chugai.co.jp
1048,8530,中京銀行,http://www.chukyo-bank.co.jp/
1049,8382,中国銀行,http://www.chugin.co.jp/
1050,5974,中国工業,http://www.ckk-chugoku.co.jp/
1051,9504,中国電力,http://www.energia.co.jp/
1052,4617,中国塗料,http://www.cmp.co.jp/
1053,1941,中電工,http://www.chudenko.co.jp/
1054,2053,中部飼料,http://www.chubushiryo.co.jp/
1055,9502,中部電力,http://www.chuden.co.jp/
1056,5946,長府製作所,http://www.chofu.co.jp/
1057,9624,長大,http://www.chodai.co.jp/
1058,8014,蝶理,http://www.chori.co.jp/
1059,8185,チヨダ,http://www.chiyodagrp.co.jp/
1060,6915,千代田インテグレ,http://www.chiyoda-i.co.jp/
1061,6366,千代田化工建設,http://www.chiyoda-corp.com/
1062,2418,ツカダ・グローバルホールディング,http://www.tsukada-global.holdings/
1063,6101,ツガミ,http://www.tsugami.co.jp/
1064,8025,ツカモトコーポレーション,http://www.tsukamoto.co.jp/
1065,6332,月島機械,http://www.tsk-g.co.jp/
1066,2398,ツクイ,http://www.tsukui.net/
1067,8338,筑波銀行,http://www.tsukubabank.co.jp/index.html
1068,6217,津田駒工業,http://www.tsudakoma.co.jp/
1069,7937,ツツミ,http://www.tsutsumi.co.jp/
1070,6464,ツバキ・ナカシマ,http://www.tsubaki.com/jp/
1071,8052,椿本興業,http://www.tsubaki.co.jp/
1072,6371,椿本チエイン,http://www.tsubakimoto.jp/
1073,4540,ツムラ,http://www.tsumura.co.jp/
1074,3391,ツルハホールディングス,http://www.tsuruha-hd.co.jp
1075,6351,鶴見製作所,http://www.tsurumipump.co.jp/
1076,8841,テーオーシー,http://www.toc.co.jp/toc/
1077,4767,テー・オー・ダブリュー,http://www.tow.co.jp/
1078,3626,TIS,http://www.tis.co.jp/
1079,4631,ＤＩＣ,http://www.dic-global.com/ja/
1080,4636,Ｔ＆Ｋ　ＴＯＫＡ,http://www.tk-toka.co.jp/
1081,8795,Ｔ＆Ｄホールディングス,http://www.td-holdings.co.jp/
1082,4319,ＴＡＣ,http://www.tac-school.co.jp/
1083,6481,ＴＨＫ,http://www.thk.com/
1084,3608,ＴＳＩホールディングス,http://www.tsi-holdings.com/
1085,2432,ディー・エヌ・エー,http://www.dena.ne.jp/
1086,6141,ＤＭＧ森精機,https://www.dmgmori.co.jp/top2/
1087,3686,ディー・エル・イー,http://www.dle.jp/
1088,6809,ＴＯＡ,http://www.toa.co.jp/
1089,3738,ティーガイア,http://www.t-gaia.co.jp/
1090,9746,ＴＫＣ,http://www.TKC.co.jp/
1091,3050,ＤＣＭホールディングス,http://www.dcm-hldgs.co.jp/
1092,9682,ＤＴＳ,http://www.dts.co.jp/
1093,6762,ＴＤＫ,http://www.tdk.co.jp/
1094,4687,ＴＤＣソフトウェアエンジニアリング,http://www.tdc.co.jp/
1095,3073,ＤＤホールディングス,https://www.dd-holdings.com/
1096,6463,ＴＰＲ,http://www.tpr.co.jp
1097,7277,ＴＢＫ,http://www.tbk-jp.com/
1098,3079,ディーブイエックス,http://www.dvx.jp/
1099,2485,ティア,http://www.tear.co.jp/
1100,6803,ティアック,http://www.teac.co.jp/
1101,3245,ディア・ライフ,http://www.dear-life.co.jp/
1102,6146,ディスコ,http://www.disco.co.jp/
1103,2379,ディップ,http://www.dip-net.co.jp/
1104,7236,ティラド,http://www.trad.co.jp/
1105,7313,テイ・エス　テック,http://www.tstech.co.jp/
1106,4027,テイカ,http://www.tayca.co.jp/
1107,4331,テイクアンドギヴ・ニーズ,http://www.tgn.co.jp/
1108,3302,帝国繊維,http://www.teisen.co.jp/
1109,6763,帝国通信工業,http://www.noble-j.co.jp/
1110,6333,帝国電機製作所,http://www.teikokudenki.co.jp/
1111,3401,帝人,http://www.teijin.co.jp/
1112,4980,デクセリアルズ,http://www.dexerials.jp/
1113,3666,テクノスジャパン,http://www.tecnos.co.jp/
1114,6028,テクノプロ・ホールディングス,http://www.technoproholdings.com/
1115,6678,テクノメディカ,http://technomedica.co.jp/
1116,3762,テクマトリックス,http://www.techmatrix.co.jp/
1117,6048,デザインワン・ジャパン,http://www.designone.jp/
1118,8114,デサント,http://www.descente.co.jp/
1119,2326,デジタルアーツ,http://www.daj.co.jp
1120,3916,デジタル・インフォメーション・テクノロジー,http://www.ditgroup.jp/
1121,4819,デジタルガレージ,http://www.garage.co.jp/
1122,1815,鉄建建設,http://www.tekken.co.jp/
1123,3392,デリカフーズ,http://www.delica.co.jp/
1124,4543,テルモ,http://www.terumo.co.jp/
1125,9409,テレビ朝日ホールディングス,http://www.tv-asahihd.co.jp/
1126,9413,テレビ東京ホールディングス,http://www.txhd.co.jp
1127,8207,テンアライド,http://www.teng.co.jp/
1128,4061,デンカ,http://www.denka.co.jp/
1129,6706,電気興業,http://www.denkikogyo.co.jp/
1130,9513,電源開発,http://www.jpower.co.jp/
1131,3640,電算,http://www.ndensan.co.jp/
1132,3630,電算システム,http://www.densan-s.co.jp/
1133,6902,デンソー,http://www.denso.co.jp/ja/
1134,4324,電通,http://www.dentsu.co.jp/
1135,4812,電通国際情報サービス,http://www.isid.co.jp/
1136,7958,天馬,http://www.tenmacorp.co.jp/
1137,6517,デンヨー,http://www.denyo.co.jp/
1138,3204,トーア紡コーポレーション,http://www.toabo.co.jp/
1139,1946,トーエネック,http://www.toenec.co.jp
1140,9729,トーカイ,http://www.tokai-corp.com/
1141,3167,ＴＯＫＡＩホールディングス,http://tokaiholdings.co.jp/
1142,3433,トーカロ,http://www.tocalo.co.jp/index.html
1143,4728,トーセ,http://www.tose.co.jp/
1144,8923,トーセイ,http://www.toseicorp.co.jp/
1145,5332,ＴＯＴＯ,http://www.toto.co.jp/company/
1146,8142,トーホー,http://www.to-ho.co.jp/
1147,2737,トーメンデバイス,http://www.tomendevices.co.jp/
1148,3946,トーモク,http://www.tomoku.co.jp/
1149,6369,トーヨーカネツ,http://www.toyokanetsu.co.jp/
1150,6315,ＴＯＷＡ,http://www.towajapan.co.jp/
1151,1885,東亜建設工業,http://www.toa-const.co.jp
1152,4045,東亞合成,http://www.toagosei.co.jp/
1153,6848,東亜ディーケーケー,http://www.toadkk.co.jp/
1154,1882,東亜道路工業,http://www.toadoro.co.jp
1155,9605,東映,http://www.toei.co.jp/
1156,9380,東海運,http://www.azumaship.co.jp/
1157,5301,東海カーボン,http://www.tokaicarbon.co.jp/
1158,3577,東海染工,http://www.tokai-senko.co.jp/
1159,8616,東海東京フィナンシャル・ホールディングス,http://www.tokaitokyo-fh.jp/
1160,6995,東海理化電機製作所,http://www.tokai-rika.co.jp/index.html
1161,9022,東海旅客鉄道,http://www.jr-central.co.jp/
1162,1720,東急建設,http://www.tokyu-cnst.co.jp/
1163,3289,東急不動産ホールディングス,http://www.tokyu-fudosan-hd.co.jp/index.html
1164,3067,東京一番フーズ,http://www.tokyo-ichiban-foods.co.jp/
1165,1945,東京エネシス,http://www.qtes.co.jp/
1166,8035,東京エレクトロン,http://www.tel.com/jpn/
1167,2760,東京エレクトロン　デバイス,http://www.teldevice.co.jp/
1168,4186,東京応化工業,http://www.tok.co.jp/
1169,8766,東京海上ホールディングス,http://www.tokiomarinehd.com/
1170,9531,東京瓦斯,http://www.tokyo-gas.co.jp/
1171,6335,東京機械製作所,http://www.tks-net.co.jp/
1172,9005,東京急行電鉄,http://www.tokyu.co.jp/
1173,7721,東京計器,http://www.tokyo-keiki.co.jp/
1174,4745,東京個別指導学院,http://www.kobetsu.co.jp/
1175,8070,東京産業,http://www.tscom.co.jp/
1176,5981,東京製綱,http://www.tokyorope.co.jp/
1177,5423,東京製鐵,http://www.tokyosteel.co.jp/
1178,7729,東京精密,http://www.accretech.jp/
1179,8439,東京センチュリー,https://www.tokyocentury.co.jp/jp/
1180,8804,東京建物,http://www.tatemono.com/
1181,9633,東京テアトル,http://www.theatres.co.jp/
1182,7173,東京ＴＹフィナンシャルグループ,http://www.tokyo-tyfg.co.jp/
1183,5445,東京鐵鋼,http://www.tokyotekko.co.jp/
1184,9501,東京電力ホールディングス,http://www.tepco.co.jp/
1185,9681,東京ドーム,http://www.tokyo-dome.jp/
1186,5807,東京特殊電線,http://www.totoku.co.jp/
1187,9672,東京都競馬,http://www.tokyotokeiba.co.jp/
1188,3415,ＴＯＫＹＯ　ＢＡＳＥ,http://www.tokyobase.co.jp/
1189,9401,東京放送ホールディングス,http://www.tbs.co.jp/
1190,5363,東京窯業,http://www.tyk.co.jp/
1191,8842,東京楽天地,http://www.rakutenchi.co.jp/
1192,4746,東計電算,http://www.toukei.co.jp/
1193,1766,東建コーポレーション,http://www.token.co.jp/
1194,6617,東光高岳,http://www.tktk.co.jp/
1195,6379,新興プランテック,http://www.s-plantech.co.jp/
1196,7483,ドウシシャ,http://www.doshisha.co.jp/
1197,6104,東芝機械,http://www.toshiba-machine.co.jp/
1198,6588,東芝テック,http://www.toshibatec.co.jp/
1199,1983,東芝プラントシステム,http://www.toshiba-tpsc.co.jp/
1200,8920,東祥,http://www.to-sho.net/
1201,4042,東ソー,http://www.tosoh.co.jp/
1202,9960,東テク,http://www.totech.co.jp/
1203,1835,東鉄工業,http://www.totetsu.co.jp/
1204,8181,東天紅,http://www.totenko.co.jp/
1205,8038,東都水産,http://www.tohsui.co.jp
1206,8274,東武ストア,http://www.tobustore.co.jp/
1207,9001,東武鉄道,http://www.tobu.co.jp/
1208,5975,東プレ,http://www.topre.co.jp/
1209,9602,東宝,http://www.toho.co.jp/
1210,5707,東邦亜鉛,http://www.toho-zinc.co.jp/
1211,4093,東邦アセチレン,http://www.toho-ace.co.jp/
1212,9533,東邦瓦斯,http://www.tohogas.co.jp/
1213,8346,東邦銀行,http://www.tohobank.co.jp/
1214,4333,東邦システムサイエンス,http://www.tss.co.jp/
1215,5727,東邦チタニウム,http://www.toho-titanium.co.jp/
1216,8129,東邦ホールディングス,http://www.tohohd.co.jp/
1217,8349,東北銀行,http://www.tohoku-bank.co.jp/
1218,9506,東北電力,http://www.tohoku-epco.co.jp/
1219,4634,東洋インキＳＣホールディングス,http://schd.toyoinkgroup.com/ja/index.html
1220,6330,東洋エンジニアリング,http://www.toyo-eng.com/jp/ja/
1221,6210,東洋機械金属,http://www.toyo-mm.co.jp/
1222,1890,東洋建設,http://www.toyo-const.co.jp
1223,5453,東洋鋼鈑,http://www.toyokohan.co.jp
1224,5105,東洋ゴム工業,http://www.toyo-rubber.co.jp
1225,5936,東洋シヤッター,http://www.toyo-shutter.co.jp
1226,8614,東洋証券,http://www.toyo-sec.co.jp/
1227,2875,東洋水産,http://www.maruchan.co.jp/company/
1228,5901,東洋製罐グループホールディングス,http://www.tskg-hd.com/
1229,2107,東洋精糖,http://www.toyosugar.co.jp/
1230,9306,東陽倉庫,http://www.toyo-logistics.co.jp/
1231,5310,東洋炭素,http://www.toyotanso.co.jp/
1232,8151,東陽テクニカ,http://www.toyo.co.jp/
1233,6505,東洋電機製造,http://www.toyodenki.co.jp/
1234,4828,東洋ビジネスエンジニアリング,http://www.to-be.co.jp
1235,9351,東洋埠頭,http://www.toyofuto.co.jp/
1236,3101,東洋紡,http://www.toyobo.co.jp/
1237,7971,東リ,http://www.toli.co.jp/
1238,3402,東レ,http://www.toray.co.jp/
1239,8558,東和銀行,http://www.towabank.co.jp/
1240,5714,ＤＯＷＡホールディングス,http://www.dowa.co.jp/
1241,4553,東和薬品,http://www.towayakuhin.co.jp/
1242,3708,特種東海製紙,http://www.tt-paper.co.jp/
1243,4043,トクヤマ,http://www.tokuyama.co.jp/
1244,7913,図書印刷,http://www.tosho.co.jp/
1245,1860,戸田建設,http://www.toda.co.jp/
1246,4100,戸田工業,http://www.todakogyo.co.jp/
1247,8550,栃木銀行,http://www.tochigibank.co.jp/
1248,8383,鳥取銀行,http://www.tottoribank.co.jp/
1249,7911,凸版印刷,http://www.toppan.co.jp/
1250,7862,トッパン・フォームズ,http://www.toppan-f.co.jp/
1251,7640,トップカルチャー,http://www.topculture.co.jp/
1252,3087,ドトール・日レスホールディングス,http://www.dnh.co.jp/
1253,9070,トナミホールディングス,http://www.tonamiholdings.co.jp/
1254,7231,トピー工業,http://www.topy.co.jp/
1255,1805,飛島建設,http://www.tobishima.co.jp
1256,7732,トプコン,http://www.topcon.co.jp/
1257,6171,土木管理総合試験所,http://www.dksiken.co.jp/
1258,8542,トマト銀行,http://www.tomatobank.co.jp/
1259,3878,巴川製紙所,http://www.tomoegawa.co.jp/
1260,1921,巴コーポレーション,http://www.tomoe-corporation.co.jp/
1261,6309,巴工業,http://www.tomo-e.co.jp/
1262,8600,トモニホールディングス,http://www.tomony-hd.co.jp/
1263,8365,富山銀行,http://www.toyamabank.co.jp/
1264,7184,富山第一銀行,http://www.first-bank.co.jp/
1265,7282,豊田合成,http://www.toyoda-gosei.co.jp/
1266,7203,トヨタ自動車,http://www.toyota.co.jp/
1267,6201,豊田自動織機,http://www.toyota-shokki.co.jp/
1268,8015,豊田通商,http://www.toyota-tsusho.com/
1269,3116,トヨタ紡織,http://www.toyota-boshoku.co.jp/
1270,9830,トラスコ中山,http://www.trusco.co.jp/
1271,2154,トラスト・テック,http://www.trust-tech.jp/
1272,9058,トランコム,http://www.trancom.co.jp/
1273,7818,トランザクション,http://www.trans-action.co.jp/
1274,9715,トランス・コスモス,http://www.trans-cosmos.co.jp/
1275,4310,ドリームインキュベータ,http://www.dreamincubator.co.jp/
1276,4551,鳥居薬品,http://www.torii.co.jp
1277,3193,鳥貴族,http://www.torikizoku.co.jp/
1278,2009,鳥越製粉,http://www.the-torigoe.co.jp/
1279,6363,酉島製作所,http://www.torishima.co.jp/
1280,3397,トリドールホールディングス,http://www.toridoll.com/
1281,3093,トレジャー・ファクトリー,http://www.treasurefactory.co.jp/
1282,4704,トレンドマイクロ,http://www.trendmicro.co.jp/
1283,7532,ドンキホーテホールディングス,http://www.donki-hd.co.jp/
1284,8013,ナイガイ,http://www.naigai.co.jp/
1285,9384,内外トランスライン,http://www.ntl-naigai.co.jp/
1286,7447,ナガイレーベン,http://www.nagaileben.co.jp/
1287,8012,長瀬産業,http://www.nagase.co.jp/
1288,2899,永谷園ホールディングス,http://www.nagatanien.co.jp/
1289,8521,長野銀行,http://www.naganobank.co.jp/
1290,7715,長野計器,http://www.naganokeiki.co.jp/
1291,1827,ナカノフドー建設,http://www.wave-nakano.co.jp/
1292,7987,ナカバヤシ,http://www.nakabayashi.co.jp/
1293,2139,中広,http://www.chuco.co.jp/
1294,2204,中村屋,http://www.nakamuraya.co.jp/
1295,7811,中本パックス,http://www.npacks.co.jp/
1296,5408,中山製鋼所,http://www.nakayama-steel.co.jp/
1297,7442,中山福,http://www.nakayamafuku.co.jp/
1298,6715,ナカヨ,http://www.nyc.co.jp/
1299,9663,ナガワ,http://www.nagawa.co.jp/group/
1300,8522,名古屋銀行,http://www.meigin.com/
1301,9048,名古屋鉄道,http://www.meitetsu.co.jp/
1302,9788,ナック,http://www.nacoo.com/
1303,2922,なとり,http://www.natori.co.jp/
1304,6268,ナブテスコ,http://www.nabtesco.com/
1305,7014,名村造船所,http://www.namura.co.jp/
1306,9044,南海電気鉄道,http://www.nankai.co.jp/
1307,8367,南都銀行,http://www.nantobank.co.jp/
1308,4465,ニイタカ,http://www.niitaka.co.jp/
1309,7731,ニコン,http://www.nikon.co.jp/index.htm
1310,9699,西尾レントオール,http://www.nishio-rent.co.jp/
1311,9031,西日本鉄道,http://www.nishitetsu.co.jp/
1312,7189,西日本フィナンシャルホールディングス,http://www.nnfh.co.jp/
1313,9021,西日本旅客鉄道,http://www.westjr.co.jp/
1314,1820,西松建設,http://www.nishimatsu.co.jp/
1315,7545,西松屋チェーン,http://www.24028.jp/
1316,9260,西本Ｗｉｓｍｅｔｔａｃホールディングス,http://www.wismettac.com/ja/index.html
1317,5658,日亜鋼業,http://www.nichiasteel.co.jp/
1318,5393,ニチアス,http://www.nichias.co.jp/
1319,9792,ニチイ学館,http://www.nichiigakkan.co.jp/
1320,4541,日医工,http://www.nichiiko.co.jp/
1321,6996,ニチコン,http://www.nichicon.co.jp/
1322,9902,日伝,http://www.nichiden.com/
1323,7943,ニチハ,http://www.nichiha.co.jp/
1324,4218,ニチバン,http://www.nichiban.co.jp/
1325,8091,ニチモウ,http://www.nichimo.co.jp/
1326,4403,日油,http://www.nof.co.jp/
1327,2871,ニチレイ,http://www.nichirei.co.jp/
1328,5011,ニチレキ,http://www.nichireki.co.jp/
1329,4463,日華化学,http://www.nicca.co.jp/
1330,5367,ニッカトー,http://www.nikkato.co.jp/
1331,1963,日揮,http://www.jgc.com/jp/index.html
1332,6376,日機装,http://www.nikkiso.co.jp/
1333,6306,日工,http://www.nikko-net.co.jp/
1334,9072,ニッコンホールディングス,http://www.nikkon-hd.co.jp/
1335,4021,日産化学工業,http://www.nissanchem.co.jp/
1336,7201,日産自動車,http://www.nissan-global.com/JP/
1337,7222,日産車体,http://www.nissan-shatai.co.jp/
1338,8291,日産東京販売ホールディングス,http://www.nissan-tokyo-hd.co.jp/
1339,7915,ＮＩＳＳＨＡ,http://www.nissha.com/
1340,9066,日新,http://www.nissin-tw.co.jp/
1341,2602,日清オイリオグループ,http://www.nisshin-oillio.com/
1342,7230,日信工業,http://www.nissinkogyo.co.jp/
1343,6157,日進工具,http://www.ns-tool.com
1344,2897,日清食品ホールディングス,https://www.nissin.com/jp/
1345,5413,日新製鋼,http://www.nisshin-steel.co.jp/
1346,2117,日新製糖,http://www.nissin-sugar.co.jp/
1347,2002,日清製粉グループ本社,http://www.nisshin.com
1348,6641,日新電機,http://nissin.jp/
1349,8881,日神不動産,http://www.nisshinfudosan.co.jp/
1350,3105,日清紡ホールディングス,http://www.nisshinbo.co.jp/
1351,4550,日水製薬,http://www.nissui-pharm.co.jp
1352,6284,日精エー・エス・ビー機械,http://www.nisseiasb.co.jp/
1353,6293,日精樹脂工業,http://www.nisseijushi.co.jp/
1354,1916,日成ビルド工業,http://www.nisseibuild.co.jp/company/
1355,5186,ニッタ,http://www.nitta.co.jp/
1356,4977,新田ゼラチン,http://www.nitta-gelatin.co.jp/
1357,1515,日鉄鉱業,http://www.nittetsukou.co.jp/
1358,9810,日鉄住金物産,http://www.nssb.nssmc.com/
1359,4033,日東エフシー,http://www.nittofc.co.jp/
1360,6151,日東工器,http://www.nitto-kohki.co.jp/
1361,6651,日東工業,http://www.nito.co.jp/
1362,5957,日東精工,http://www.nittoseiko.co.jp/
1363,3524,日東製網,http://www.nittoseimo.co.jp/
1364,6988,日東電工,http://www.nitto.co.jp/
1365,2003,日東富士製粉,http://www.nittofuji.co.jp/
1366,3110,日東紡績,http://www.nittobo.co.jp/
1367,1929,日特建設,http://www.nittoc.co.jp/
1368,1881,ＮＩＰＰＯ,http://www.nippo-c.co.jp/
1369,5302,日本カーボン,http://www.carbon.co.jp/
1370,4092,日本化学工業,http://www.nippon-chem.co.jp/
1371,8174,日本瓦斯,http://www.nichigas.co.jp/
1372,5491,日本金属,http://www.nipponkinzoku.co.jp/
1373,5703,日本軽金属ホールディングス,http://www.nikkeikinholdings.co.jp/
1374,3201,日本毛織,http://www.nikke.co.jp/
1375,5476,日本高周波鋼業,http://www.koshuha.co.jp/
1376,5269,日本コンクリート工業,http://www.ncic.co.jp/
1377,9386,日本コンセプト,http://www.n-concept.co.jp/
1378,6741,日本信号,http://www.signal.co.jp/
1379,6471,日本精工,http://www.jp.nsk.com/index.html
1380,3863,日本製紙,http://www.nipponpapergroup.com/index.html
1381,5659,日本精線,http://www.n-seisen.co.jp/
1382,5612,日本鋳鉄管,http://www.nichu.co.jp/
1383,2108,日本甜菜製糖,http://www.nitten.co.jp/
1384,1884,日本道路,http://www.nipponroad.co.jp/
1385,6480,日本トムソン,http://www.ikont.co.jp
1386,5991,日本発条,http://www.nhkspg.co.jp/
1387,7995,日本バルカー工業,http://www.valqua.co.jp/
1388,6461,日本ピストンリング,http://www.npr.co.jp/
1389,6097,日本ビューホテル,http://www.viewhotels.co.jp/
1390,6490,日本ピラー工業,http://www.pillar.co.jp/
1391,9843,ニトリホールディングス,http://www.nitori.co.jp/
1392,7988,ニフコ,http://www.nifco.co.jp/
1393,8086,ニプロ,http://www.nipro.co.jp/
1394,3751,日本アジアグループ,http://www.japanasiagroup.jp/
1395,8518,日本アジア投資,http://www.jaic-vc.co.jp/
1396,5202,日本板硝子,http://www.nsg.co.jp/
1397,6291,日本エアーテック,http://www.airtech.co.jp/
1398,8892,日本エスコン,http://www.es-conjapan.co.jp/
1399,8877,日本エスリード,http://www.eslead.co.jp/
1400,2127,日本Ｍ＆Ａセンター,http://www.nihon-ma.co.jp/
1401,7600,日本エム・ディ・エム,http://www.jmdm.co.jp/
1402,4829,日本エンタープライズ,http://www.nihon-e.co.jp/
1403,4716,日本オラクル,http://www.oracle.co.jp/
1404,4064,日本カーバイド工業,http://www.carbide.co.jp/
1405,5333,日本碍子,http://www.ngk.co.jp/
1406,1606,日本海洋掘削,http://www.jdc.co.jp/
1407,8032,日本紙パルプ商事,http://www.kamipa.co.jp/
1408,4272,日本化薬,http://www.nipponkayaku.co.jp/
1409,9728,日本管財,http://www.nkanzai.co.jp/
1410,3276,日本管理センター,http://www.jpmc.jp/
1411,1914,日本基礎技術,http://www.jafec.co.jp/
1412,6418,日本金銭機械,http://www.jcm-hq.co.jp/
1413,9706,日本空港ビルデング,http://www.tokyo-airport-bldg.co.jp/
1414,4658,日本空調サービス,http://www.nikku.co.jp/
1415,6997,日本ケミコン,http://www.chemi-con.co.jp/
1416,4539,日本ケミファ,http://www.chemiphar.co.jp/
1417,3315,日本コークス工業,http://www.mitsui-mining.co.jp/
1418,1954,日本工営,http://www.n-koei.co.jp/
1419,9201,日本航空,http://www.jal.com/
1420,6807,日本航空電子工業,http://www.jae.com/jp/
1421,4973,日本高純度化学,http://www.netjpc.com/
1422,6849,日本光電工業,http://www.nihonkohden.co.jp/
1423,6958,日本シイエムケイ,http://www.cmk-corp.com/
1424,9739,日本システムウエア,http://www.nsw.co.jp/
1425,4323,日本システム技術,http://www.jast.com/
1426,7102,日本車輌製造,http://www.n-sharyo.co.jp/
1427,3252,日本商業開発,http://www.ncd-jp.com/
1428,8511,日本証券金融,http://www.jsf.co.jp/
1429,4114,日本触媒,http://www.shokubai.co.jp/
1430,4516,日本新薬,http://www.nippon-shinyaku.co.jp
1431,1332,日本水産,http://www.nissui.co.jp
1432,4362,日本精化,http://www.nipponseika.co.jp/
1433,5631,日本製鋼所,http://www.jsw.co.jp/
1434,2001,日本製粉,http://www.nippn.co.jp/
1435,4205,日本ゼオン,http://www.zeon.co.jp/
1436,9074,日本石油輸送,http://www.jot.co.jp/
1437,6929,日本セラミック,http://www.nicera.co.jp/
1438,4041,日本曹達,http://www.nippon-soda.co.jp/
1439,2914,日本たばこ産業,http://www.jti.co.jp/
1440,2353,日本駐車場開発,http://www.n-p-d.co.jp/
1441,3341,日本調剤,http://www.nicho.co.jp/
1442,9062,日本通運,http://www.nittsu.co.jp/
1443,9424,日本通信,http://www.j-com.co.jp/
1444,9404,日本テレビホールディングス,http://www.ntvhd.co.jp/
1445,6701,日本電気,http://www.nec.co.jp/
1446,5214,日本電気硝子,http://www.neg.co.jp/
1447,6594,日本電産,http://www.nidec.com/ja-JP/
1448,6951,日本電子,http://www.jeol.co.jp/
1449,6855,日本電子材料,http://www.jem-net.co.jp/
1450,9432,日本電信電話,http://www.ntt.co.jp/
1451,1950,日本電設工業,http://www.densetsuko.co.jp/
1452,6779,日本電波工業,http://www.ndk.com/
1453,5334,日本特殊陶業,http://www.ngkntk.co.jp
1454,4619,日本特殊塗料,http://www.nttoryo.co.jp/
1455,1909,日本ドライケミカル,http://www.ndc-group.co.jp/
1456,9310,日本トランスシティ,http://www.trancy.co.jp/
1457,8697,日本取引所グループ,http://www.jpx.co.jp/
1458,6788,日本トリム,http://www.nihon-trim.co.jp/
1459,4997,日本農薬,http://www.nichino.co.jp/
1460,4095,日本パーカライジング,http://www.parker.co.jp/
1461,1873,日本ハウスホールディングス,http://www.nihonhouse-hd.co.jp/
1462,2282,日本ハム,http://www.nipponham.co.jp/
1463,9414,日本ＢＳ放送,http://www.bs11.jp/
1464,5262,日本ヒューム,http://www.nipponhume.co.jp/
1465,5942,日本フイルコン,http://www.filcon.co.jp/
1466,3512,日本フエルト,http://www.felt.co.jp/
1467,7291,日本プラスト,http://www.n-plast.co.jp/
1468,7820,ニホンフラッシュ,http://www.nfnf.co.jp/
1469,4612,日本ペイントホールディングス,http://www.nipponpaint-holdings.com/
1470,6871,日本マイクロニクス,http://www.mjc.co.jp/
1471,5480,日本冶金工業,http://www.nyk.co.jp/
1472,5210,日本山村硝子,http://www.yamamura.co.jp/
1473,6178,日本郵政,http://www.japanpost.jp/index.html
1474,9101,日本郵船,http://www.nyk.com/
1475,8056,日本ユニシス,http://www.unisys.co.jp/
1476,7575,日本ライフライン,http://www.jll.co.jp/
1477,7974,任天堂,http://www.nintendo.co.jp/
1478,3627,ネオス,http://www.neoscorp.jp/
1479,4346,ネクシィーズグループ,http://www.nexyzgroup.jp/
1480,3186,ネクステージ,http://www.nextage.jp/
1481,3659,ネクソン,http://www.nexon.co.jp/
1482,7518,ネットワンシステムズ,http://www.netone.co.jp/
1483,5943,ノーリツ,http://www.noritz.co.jp/
1484,7744,ノーリツ鋼機,http://www.noritsu.co.jp/
1485,6744,能美防災,http://www.nohmi.co.jp/
1486,4928,ノエビアホールディングス,http://www.noevirholdings.co.jp/index.htm
1487,7419,ノジマ,http://www.nojima.co.jp/
1488,9716,乃村工藝社,http://www.nomurakougei.co.jp/
1489,4307,野村総合研究所,http://www.nri.co.jp/
1490,3231,野村不動産ホールディングス,http://www.nomura-re-hd.co.jp/
1491,8604,野村ホールディングス,http://www.nomura.com/jp/
1492,5331,ノリタケカンパニーリミテド,http://www.noritake.co.jp/
1493,7561,ハークスレイ,http://www.hurxley.co.jp/
1494,4666,パーク二四,http://www.park24.co.jp
1495,2181,パーソルホールディングス,https://www.persol-group.co.jp/
1496,3676,ハーツユナイテッドグループ,http://www.heartsunitedgroup.co.jp/
1497,2674,ハードオフコーポレーション,http://www.hardoff.co.jp/
1498,6773,パイオニア,http://www.pioneer.co.jp/
1499,5988,パイオラックス,http://www.piolax.co.jp/
1500,3151,バイタルケーエスケー・ホールディングス,http://www.vitalksk.co.jp/
1501,7611,ハイデイ日高,http://www.hiday.co.jp/
1502,9957,バイテックホールディングス,http://www.vitec.co.jp/
1503,3919,パイプドＨＤ,http://www.pipedohd.com
1504,4299,ハイマックス,http://www.himacs.jp/
1505,7846,パイロットコーポレーション,http://www.pilot.co.jp/
1506,7506,ハウス　オブ　ローゼ,http://www.houseofrose.co.jp/
1507,2810,ハウス食品グループ本社,http://housefoods-group.com/
1508,3457,ハウスドゥ,http://www.housedo.co.jp/
1509,7856,萩原工業,http://www.hagihara.co.jp/
1510,7467,萩原電気,http://www.hagiwara.co.jp/
1511,7433,伯東,http://www.hakuto.co.jp/
1512,7637,白銅,http://www.hakudo.co.jp/
1513,2433,博報堂ＤＹホールディングス,http://www.hakuhodody-holdings.co.jp/
1514,9731,白洋舎,http://www.hakuyosha.co.jp/
1515,7570,橋本総業ホールディングス,http://www.hat-hd.co.jp/
1516,9232,パスコ,http://www.pasco.co.jp/
1517,8230,はせがわ,http://www.hasenet.co.jp/
1518,4958,長谷川香料,http://www.t-hasegawa.co.jp/
1519,1808,長谷工コーポレーション,http://www.haseko.co.jp
1520,2168,パソナグループ,http://www.pasonagroup.co.jp/
1521,8359,八十二銀行,http://www.82bank.co.jp/
1522,6752,パナソニック,http://panasonic.co.jp/
1523,2792,ハニーズホールディングス,http://www.honeys.co.jp/
1524,7552,ハピネット,http://www.hap-net.com/
1525,3030,ハブ,http://www.pub-hub.com/
1526,9037,ハマキョウレックス,http://www.hamakyorex.co.jp/
1527,6965,浜松ホトニクス,http://www.hpk.co.jp/
1528,3134,Ｈａｍｅｅ,http://hamee.co.jp/
1529,2286,林兼産業,http://www.hayashikane.co.jp/
1530,4809,パラカ,http://www.paraca.co.jp/
1531,7817,パラマウントベッドホールディングス,http://www.paramountbed-hd.co.jp
1532,4410,ハリマ化成グループ,http://www.harima.co.jp/
1533,6078,バリューＨＲ,http://www.valuehr.com/
1534,2726,パルグループホールディングス,http://www.palgroup.co.jp/
1535,8251,パルコ,http://www.parco.co.jp/
1536,8283,ＰＡＬＴＡＣ,http://www.paltac.co.jp/
1537,7416,はるやまホールディングス,http://www.haruyama.co.jp/
1538,2742,ハローズ,http://www.halows.com/
1539,9956,バローホールディングス,http://valorholdings.co.jp/
1540,3548,バロックジャパンリミテッド,https://www.baroque-global.com/
1541,9042,阪急阪神ホールディングス,http://holdings.hankyu-hanshin.co.jp/
1542,7832,バンダイナムコホールディングス,http://www.bandainamco.co.jp/
1543,6165,パンチ工業,http://www.punch.co.jp/
1544,5195,バンドー化学,http://www.bando.co.jp/
1545,8078,阪和興業,http://www.hanwa.co.jp/
1546,1726,ビーアールホールディングス,http://www.brhd.co.jp/
1547,1871,ピーエス三菱,http://www.psmic.co.jp/
1548,4694,ビー・エム・エル,http://www.bml.co.jp/index_j.html
1549,3918,ＰＣＩホールディングス,http://www.pci-h.co.jp/
1550,9629,ピー・シー・エー,http://pca.jp/
1551,7618,ピーシーデポコーポレーション,http://www1.pcdepot.co.jp/
1552,3328,ＢＥＥＮＯＳ,http://beenos.com/
1553,5015,ビーピー・カストロール,http://www.bp-oil.co.jp/
1554,4337,ぴあ,http://www.pia.co.jp/
1555,2818,ピエトロ,http://www.pietro.co.jp/
1556,6866,日置電機,http://www.hioki.co.jp/
1557,4517,ビオフェルミン製薬,http://www.biofermin.co.jp/
1558,9020,東日本旅客鉄道,http://www.jreast.co.jp/
1559,9435,光通信,http://www.hikari.co.jp/
1560,6247,日阪製作所,http://www.hisaka.co.jp/
1561,4530,久光製薬,http://www.hisamitsu.co.jp/
1562,2464,ビジネス・ブレークスルー,http://www.bbt757.com/
1563,9658,ビジネスブレイン太田昭和,http://www.bbs.co.jp/
1564,9416,ビジョン,http://www.vision-net.co.jp/
1565,7956,ピジョン,http://www.pigeon.co.jp/
1566,4217,日立化成,http://www.hitachi-chem.co.jp/
1567,8586,日立キャピタル,http://www.hitachi-capital.co.jp/
1568,5486,日立金属,http://www.hitachi-metals.co.jp/
1569,6305,日立建機,http://www.hitachi-kenki.co.jp/
1570,6756,日立国際電気,http://www.hitachi-kokusai.co.jp/
1571,6501,日立製作所,http://www.hitachi.co.jp/
1572,7004,日立造船,http://www.hitachizosen.co.jp/
1573,8036,日立ハイテクノロジーズ,http://www.hitachi-hitec.com/
1574,9086,日立物流,http://www.hitachi-hb.co.jp/
1575,3048,ビックカメラ,http://www.biccamera.co.jp/
1576,2925,ピックルスコーポレーション,http://www.pickles.co.jp
1577,3654,ヒト・コミュニケ－ションズ,http://www.hitocom.co.jp/
1578,7205,日野自動車,http://www.hino.co.jp/
1579,1982,日比谷総合設備,http://www.hibiya-eng.co.jp/
1580,7514,ヒマラヤ,http://www.himaraya.co.jp/
1581,8368,百五銀行,http://www.hyakugo.co.jp/
1582,8386,百十四銀行,http://www.114bank.co.jp/
1583,3180,ビューティガレージ,http://www.beautygarage.jp/ws/main
1584,3003,ヒューリック,http://www.hulic.co.jp/
1585,5821,平河ヒューテック,http://www.hewtech.co.jp/
1586,6258,平田機工,http://www.hirata.co.jp/
1587,2764,ひらまつ,http://www.hiramatsu.co.jp/
1588,9535,広島ガス,http://www.hiroshima-gas.co.jp/
1589,8379,広島銀行,http://www.hirogin.co.jp/
1590,6806,ヒロセ電機,http://www.hirose.co.jp/
1591,3284,フージャースホールディングス,http://www.hoosiers.co.jp/
1592,1430,ファーストコーポレーション,http://1st-corp.com/index.html
1593,8917,ファースト住建,http://www.f-juken.co.jp/
1594,3454,ファーストブラザーズ,http://www.firstbrothers.com/
1595,9983,ファーストリテイリング,http://www.fastretailing.com/jp/
1596,6037,ファーストロジック,http://www.firstlogic.co.jp/
1597,2796,ファーマライズホールディングス,http://www.pharmarise.com/
1598,3649,ファインデックス,http://findex.co.jp/index.html
1599,6954,ファナック,http://www.fanuc.co.jp/index.htm
1600,4671,ファルコホールディングス,http://www.falco.co.jp/
1601,7215,ファルテック,http://www.faltec.co.jp/
1602,4921,ファンケル,http://www.fancl.co.jp/
1603,2461,ファンコミュニケーションズ,http://www.fancs.com/
1604,2060,フィード・ワン,http://www.feed-one.co.jp/
1605,2767,フィールズ,http://www.fields.biz/
1606,3687,フィックスターズ,http://www.fixstars.com
1607,8713,フィデアホールディングス,http://www.fidea.co.jp/
1608,3681,ブイキューブ,http://jp.vcube.com/
1609,7593,ＶＴホールディングス,http://www.vt-holdings.co.jp/
1610,7717,ブイ・テクノロジー,http://www.vtec.co.jp/
1611,4295,フェイス,http://www.faith.co.jp/
1612,3396,フェリシモ,https://www.felissimo.co.jp/
1613,4662,フォーカスシステムズ,http://www.focus-s.com/
1614,8275,フォーバル,http://www.forval.co.jp/
1615,6794,フォスター電機,http://www.foster.co.jp/
1616,8362,福井銀行,http://www.fukuibank.co.jp/
1617,9790,福井コンピュータホールディングス,http://www1.fukuicompu.co.jp/
1618,8354,ふくおかフィナンシャルグループ,http://www.fukuoka-fg.com/
1619,8562,福島銀行,http://www.fukushimabank.co.jp/
1620,6420,福島工業,http://www.fukusima.co.jp/
1621,1899,福田組,http://www.fkd.co.jp/
1622,9075,福山通運,http://www.fukutsu.co.jp/
1623,5185,フコク,http://www.fukoku-rubber.co.jp/
1624,8278,フジ,http://www.the-fuji.com/
1625,6134,富士機械製造,http://www.fuji.co.jp/
1626,7260,富士機工,http://www.fujikiko-group.com/
1627,9966,藤久,http://www.fujikyu-corp.co.jp/
1628,9010,富士急行,http://www.fujikyu.co.jp/
1629,5803,フジクラ,http://www.fujikura.co.jp/
1630,4620,藤倉化成,http://www.fkkasei.co.jp/
1631,5121,藤倉ゴム工業,http://www.fujikurarubber.com/
1632,7605,フジ・コーポレーション,http://www.fujicorporation.com/index.php
1633,5009,富士興産,http://www.fkoil.co.jp/
1634,6474,不二越,http://www.nachi-fujikoshi.co.jp/
1635,7864,フジシールインターナショナル,http://www.fujiseal.com/jp/
1636,8860,フジ住宅,http://www.fuji-jutaku.co.jp/
1637,4554,富士製薬工業,http://www.fujipharma.jp/
1638,2607,不二製油グループ本社,http://www.fujioilholdings.com/index.html
1639,5017,富士石油,http://www.foc.co.jp/
1640,9749,富士ソフト,http://www.fsi.co.jp/
1641,6167,冨士ダイス,http://www.fujidie.co.jp/
1642,9722,藤田観光,http://www.fujita-kanko.co.jp/
1643,2908,フジッコ,http://www.fujicco.co.jp/
1644,6702,富士通,http://jp.fujitsu.com/
1645,6755,富士通ゼネラル,http://www.fujitsu-general.com/jp/
1646,6406,フジテック,http://www.fujitec.co.jp/
1647,6504,富士電機,http://www.fujielectric.co.jp/
1648,6654,不二電機工業,http://www.fujidk.co.jp/
1649,4901,富士フイルムホールディングス,http://www.fujifilmholdings.co.jp/
1650,3104,富士紡ホールディングス,http://www.fujibo.co.jp/
1651,5384,フジミインコーポレーテッド,http://www.fujimiinc.co.jp/
1652,4676,フジ・メディア・ホールディングス,http://www.fujimediahd.co.jp/
1653,7917,藤森工業,http://www.zacros.co.jp/
1654,2211,不二家,http://www.fujiya-peko.co.jp/company/
1655,4368,扶桑化学工業,http://www.fusokk.co.jp/
1656,4538,扶桑薬品工業,http://www.fuso-pharm.co.jp/
1657,7241,フタバ産業,http://www.futabasangyo.com/
1658,6986,双葉電子工業,http://www.futaba.co.jp/
1659,3313,ブックオフコーポレーション,http://www.bookoff.co.jp/
1660,1813,不動テトラ,http://www.fudotetra.co.jp/
1661,9757,船井総研ホールディングス,http://hd.funaisoken.co.jp/index.html
1662,6839,船井電機,http://www.funai.jp/
1663,4722,フューチャー,http://www.future.co.jp/
1664,8424,芙蓉総合リース,http://www.fgl.co.jp/
1665,6448,ブラザー工業,http://www.brother.co.jp/
1666,2424,ブラス,https://www.brass.ne.jp/
1667,7840,フランスベッドホールディングス,http://www.francebed-hd.co.jp/
1668,7646,ＰＬＡＮＴ,http://www.plant-co.jp/
1669,3843,フリービット,http://www.freebit.com
1670,5108,ブリヂストン,http://www.bridgestone.co.jp/
1671,2281,プリマハム,http://www.primaham.co.jp/
1672,6238,フリュー,http://www.furyu.jp/
1673,5715,古河機械金属,http://www.furukawakk.co.jp/
1674,5801,古河電気工業,http://www.furukawa.co.jp/
1675,6937,古河電池,http://www.furukawadenchi.co.jp/
1676,4848,フルキャストホールディングス,https://www.fullcastholdings.co.jp/
1677,8087,フルサト工業,http://www.furusato.co.jp/
1678,6814,古野電気,http://www.furuno.co.jp/
1679,3655,ブレインパッド,http://www.brainpad.co.jp/
1680,3254,プレサンスコーポレーション,http://www.pressance.co.jp/
1681,7246,プレス工業,http://www.presskogyo.co.jp/
1682,4290,プレステージ・インターナショナル,http://www.prestigein.com/
1683,9945,プレナス,http://www.plenus.co.jp/
1684,3673,ブロードリーフ,http://www.broadleaf.co.jp/
1685,3763,プロシップ,http://www.proship.co.jp/
1686,7893,プロネクサス,http://www.pronexus.co.jp/
1687,3091,ブロンコビリー,http://www.bronco.co.jp/
1688,5930,文化シヤッター,http://www.bunka-s.co.jp/
1689,6412,平和,http://www.heiwanet.co.jp/
1690,8276,平和堂,http://www.heiwado.co.jp/
1691,8803,平和不動産,http://www.heiwa-net.co.jp/
1692,6262,ペガサスミシン製造,http://www.pegasus.co.jp/japanese/
1693,6058,ベクトル,http://www.vectorinc.co.jp/
1694,1433,ベステラ,http://www.besterra.co.jp/
1695,3053,ペッパーフードサービス,http://www.pepper-fs.co.jp/
1696,9783,ベネッセホールディングス,http://www.benesse-hd.co.jp/ja/
1697,4587,ペプチドリーム,http://www.peptidream.com/
1698,6927,ヘリオス　テクノ　ホールディング,http://www.heliostec-hd.co.jp/
1699,3724,ベリサーブ,http://www.veriserve.co.jp/
1700,9997,ベルーナ,http://www.belluna.co.jp/
1701,9974,ベルク,http://www.belc.jp/corporate/
1702,6183,ベルシステム２４ホールディングス,http://www.bell24hd.co.jp/jp/
1703,6745,ホーチキ,http://www.hochiki.co.jp/
1704,7741,ＨＯＹＡ,http://www.hoya.co.jp/
1705,4927,ポーラ・オルビスホールディングス,http://www.po-holdings.co.jp/index.html
1706,1352,ホウスイ,http://www.hohsui.co.jp/
1707,6203,豊和工業,http://www.howa.co.jp/
1708,3593,ホギメディカル,http://www.hogy.co.jp/
1709,3865,北越紀州製紙,http://www.hokuetsu-kishu.jp/
1710,8325,北越銀行,http://www.hokuetsubank.co.jp/
1711,6364,北越工業,http://www.airman.co.jp/
1712,4992,北興化学工業,http://www.hokkochem.co.jp
1713,7897,ホクシン,http://www.hokushinmdf.co.jp/
1714,1379,ホクト,http://www.hokto-kinoko.co.jp/
1715,8377,ほくほくフィナンシャルグループ,http://www.hokuhoku-fg.co.jp/
1716,8524,北洋銀行,http://www.hokuyobank.co.jp/
1717,6989,北陸電気工業,http://www.hdk.co.jp/
1718,1930,北陸電気工事,http://www.rikudenko.co.jp/
1719,9505,北陸電力,http://www.rikuden.co.jp/
1720,1384,ホクリヨウ,http://www.hokuryo.co.jp/
1721,8519,ポケットカード,http://www.pocketcard.co.jp/
1722,6465,ホシザキ,http://www.hoshizaki.co.jp/
1723,6804,ホシデン,http://www.hosiden.co.jp/
1724,6277,ホソカワミクロン,http://www.hosokawamicron.co.jp/
1725,9534,北海道瓦斯,http://www.hokkaido-gas.co.jp/
1726,9509,北海道電力,http://www.hepco.co.jp/
1727,5902,ホッカンホールディングス,http://www.hokkanholdings.co.jp/
1728,8363,北國銀行,http://www.hokkokubank.co.jp/
1729,3196,ホットランド,http://www.hotland.co.jp/
1730,4112,保土谷化学工業,http://www.hodogaya.co.jp/
1731,7601,ポプラ,http://www.poplar-cvs.co.jp/
1732,3688,ＶＯＹＡＧＥ　ＧＲＯＵＰ,http://voyagegroup.com/
1733,6856,堀場製作所,http://www.jp.horiba.com/
1734,3639,ボルテージ,http://www.voltage.co.jp/
1735,7267,本田技研工業,http://www.honda.co.jp/
1736,6826,本多通信工業,http://www.htk-jp.com/
1737,7190,マーキュリアインベストメント,http://www.mercuria.jp/
1738,6419,マースエンジニアリング,http://www.mars-eng.co.jp/
1739,7844,マーベラス,https://www.marv.jp/
1740,3928,マイネット,http://mynet.co.jp/
1741,7925,前澤化成工業,http://www.maezawa-k.co.jp/
1742,6485,前澤給装工業,http://www.qso.co.jp/
1743,6489,前澤工業,http://www.maezawa.co.jp/
1744,1824,前田建設工業,http://www.maeda.co.jp/
1745,7821,前田工繊,http://www.maedakosen.jp/
1746,1883,前田道路,http://www.maedaroad.co.jp/
1747,6586,マキタ,http://www.makita.co.jp/
1748,6135,牧野フライス製作所,http://www.makino.co.jp/
1749,6810,マクセルホールディングス,http://www.maxell.co.jp/
1750,3132,マクニカ・富士エレホールディングス,http://www.macfehd.co.jp/
1751,3978,マクロミル,http://www.macromill.com/
1752,6454,マックス,http://www.max-ltd.co.jp
1753,1810,松井建設,http://www.matsui-ken.co.jp/
1754,8628,松井証券,http://www.matsui.co.jp/
1755,3611,マツオカコーポレーション,http://www.matuoka.co.jp/
1756,7261,マツダ,http://www.mazda.co.jp/corporate/
1757,7456,松田産業,http://www.matsuda-sangyo.co.jp/
1758,3088,マツモトキヨシホールディングス,http://www.matsumotokiyoshi-hd.co.jp/
1759,8237,松屋,http://www.matsuya.com/
1760,9887,松屋フーズ,http://www.matsuyafoods.co.jp/
1761,7730,マニー,http://www.mani.co.jp
1762,8732,マネーパートナーズグループ,http://www.moneypartners-group.co.jp/
1763,8698,マネックスグループ,http://www.monexgroup.jp/
1764,6592,マブチモーター,http://www.mabuchi-motor.co.jp/
1765,3756,豆蔵ホールディングス,http://www.mamezou-hd.com/
1766,8252,丸井グループ,http://www.0101.co.jp/company/
1767,5463,丸一鋼管,http://www.maruichikokan.co.jp/
1768,9067,丸運,http://www.maruwn.co.jp/
1769,7594,マルカキカイ,http://www.maruka.co.jp/
1770,8613,丸三証券,http://www.marusan-sec.co.jp/
1771,7524,マルシェ,http://www.marche.co.jp/
1772,9068,丸全昭和運輸,http://www.maruzenshowa.co.jp/
1773,2288,丸大食品,http://www.marudai.jp/corporate/
1774,1333,マルハニチロ,http://www.maruha-nichiro.co.jp/
1775,7537,丸文,http://www.marubun.co.jp/
1776,8002,丸紅,http://www.marubeni.co.jp/
1777,9763,丸紅建材リース,http://www.mcml-maruken.com/
1778,6316,丸山製作所,http://www.maruyama.co.jp/
1779,5344,ＭＡＲＵＷＡ,http://www.maruwa-g.com/
1780,9090,丸和運輸機関,http://www.momotaro.co.jp/
1781,4917,マンダム,http://www.mandom.co.jp/company/
1782,6005,三浦工業,http://www.miuraz.co.jp/corporate/
1783,8374,三重銀行,http://www.miebank.co.jp/
1784,7455,三城ホールディングス,http://www.paris-miki.com
1785,7247,ミクニ,http://www.mikuni.co.jp/
1786,3169,ミサワ,http://www.unico-fan.co.jp/
1787,1722,ミサワホーム,http://www.misawa.co.jp/misawa/kigyou/
1788,8203,ミスターマックス・ホールディングス,http://www.mrmax.co.jp/
1789,8022,美津濃,http://www.mizuno.co.jp/
1790,6331,三菱化工機,http://www.kakoki.co.jp/
1791,8411,みずほフィナンシャルグループ,http://www.mizuho-fg.co.jp/
1792,9962,ミスミグループ本社,http://www.misumi.co.jp/
1793,3321,ミタチ産業,http://www.mitachi.co.jp/
1794,8285,三谷産業,http://www.mitani.co.jp/
1795,5273,三谷セキサン,http://www.m-sekisan.co.jp/
1796,8350,みちのく銀行,http://www.michinokubank.co.jp/
1797,6269,三井海洋開発,http://www.modec.com/
1798,4183,三井化学,http://jp.mitsuichem.com/
1799,5706,三井金属鉱業,http://www.mitsui-kinzoku.co.jp/
1800,1821,三井住友建設,http://www.smcon.co.jp/
1801,8309,三井住友トラスト・ホールディングス,http://smth.jp/
1802,8316,三井住友フィナンシャルグループ,http://www.smfg.co.jp/
1803,2109,三井製糖,http://www.mitsui-sugar.co.jp/company/
1804,9302,三井倉庫ホールディングス,http://www.mitsui-soko.com/
1805,7003,三井造船,http://www.mes.co.jp/
1806,6966,三井ハイテック,http://www.mitsui-high-tec.com/
1807,8031,三井物産,http://www.mitsui.co.jp/
1808,8801,三井不動産,http://www.mitsuifudosan.co.jp/
1809,1868,三井ホーム,http://www.mitsuihome.co.jp
1810,1518,三井松島産業,http://www.mitsui-matsushima.co.jp/
1811,8131,ミツウロコグループホールディングス,http://www.mitsuuroko.co.jp/
1812,3099,三越伊勢丹ホールディングス,http://www.imhds.co.jp/
1813,7280,ミツバ,http://www.mitsuba.co.jp/
1814,7976,三菱鉛筆,http://www.mpuni.co.jp/
1815,4182,三菱瓦斯化学,http://www.mgc.co.jp/
1816,4188,三菱ケミカルホールディングス,http://www.mitsubishichem-hd.co.jp/
1817,8802,三菱地所,http://www.mec.co.jp/
1818,7211,三菱自動車工業,http://www.mitsubishi-motors.co.jp/
1819,7011,三菱重工業,http://www.mhi.co.jp/
1820,8058,三菱商事,http://www.mitsubishicorp.com/jp/
1821,7451,三菱食品,http://www.mitsubishi-shokuhin.com/
1822,5632,三菱製鋼,http://www.mitsubishisteel.co.jp/
1823,3864,三菱製紙,http://www.mpm.co.jp/
1824,9301,三菱倉庫,http://www.mitsubishi-logistics.co.jp/
1825,3636,三菱総合研究所,http://www.mri.co.jp/
1826,6503,三菱電機,http://www.mitsubishielectric.co.jp
1827,5711,三菱マテリアル,http://www.mmc.co.jp/corporate/ja/index.html
1828,8306,三菱ＵＦＪフィナンシャル・グループ,http://www.mufg.jp/
1829,8593,三菱ＵＦＪリース,http://www.lf.mufg.jp/
1830,7105,三菱ロジスネクスト,http://www.logisnext.com/
1831,5192,三ツ星ベルト,http://www.mitsuboshi.co.jp/
1832,7916,光村印刷,http://www.mitsumura.co.jp/
1833,8622,水戸証券,http://www.mito.co.jp/
1834,8543,みなと銀行,http://www.minatobk.co.jp/
1835,9946,ミニストップ,http://www.ministop.co.jp/
1836,6479,ミネベアミツミ,http://www.minebeamitsumi.com/
1837,3822,Ｍｉｎｏｒｉソリューションズ,http://minori-sol.jp/
1838,6638,ミマキエンジニアリング,http://www.mimaki.co.jp/japanese/top/
1839,8155,三益半導体工業,http://www.mimasu.co.jp/j/jmain.htm
1840,6620,宮越ホールディングス,http://www.miyakoshi-holdings.com/
1841,8393,宮崎銀行,http://www.miyagin.co.jp/
1842,3431,宮地エンジニアリンググループ,http://www.miyaji-eng.com/
1843,4404,ミヨシ油脂,http://www.miyoshi-yushi.co.jp/
1844,4238,ミライアル,http://www.miraial.co.jp/
1845,1417,ミライト・ホールディングス,http://www.mirait.co.jp/
1846,4544,みらかホールディングス,http://www.miraca-holdings.co.jp/
1847,4919,ミルボン,http://www.milbon.co.jp/
1848,9928,ミロク情報サービス,http://www.mjs.co.jp/
1849,3299,ムゲンエステート,http://www.mugen-estate.co.jp/
1850,7220,武蔵精密工業,http://www.musashi.co.jp/
1851,8336,武蔵野銀行,http://www.musashinobank.co.jp/
1852,7999,ＭＵＴＯＨホールディングス,http://www.mutoh.co.jp/
1853,6981,村田製作所,http://www.murata.co.jp
1854,4668,明光ネットワークジャパン,http://www.meikonet.co.jp/
1855,9115,明治海運,http://www.meiji-shipping.com/
1856,3388,明治電機工業,http://www.meijidenki.co.jp/
1857,2269,明治ホールディングス,http://www.meiji.com/
1858,1976,明星工業,http://www.meisei-kogyo.co.jp/
1859,9744,メイテック,http://www.meitec.co.jp/
1860,6508,明電舎,http://www.meidensha.co.jp/
1861,2207,名糖産業,http://www.meito-sangyo.co.jp
1862,7284,盟和産業,http://www.meiwasangyo.co.jp/
1863,8103,明和産業,http://www.meiwa.co.jp/
1864,8869,明和地所,http://www.meiwajisyo.co.jp/
1865,6875,メガチップス,http://www.megachips.co.jp/
1866,9551,メタウォーター,http://www.metawater.co.jp/
1867,4971,メック,http://www.mec-co.com/jp/index.html
1868,3154,メディアスホールディングス,http://www.medius.co.jp/
1869,3678,メディアドゥホールディングス,http://www.mediado.jp/
1870,4350,メディカルシステムネットワーク,http://www.msnw.co.jp/
1871,3902,メディカル・データ・ビジョン,http://www.mdv.co.jp/
1872,7459,メディパルホールディングス,http://www.medipal.co.jp/
1873,7780,メニコン,http://www.menicon.co.jp/
1874,7167,めぶきフィナンシャルグループ,http://www.mebuki-fg.co.jp/
1875,6676,メルコホールディングス,http://www.melco-hd.jp
1876,2130,メンバーズ,http://www.members.ne.jp/
1877,8153,モスフードサービス,http://www.mos.co.jp/
1878,4534,持田製薬,http://www.mochida.co.jp/
1879,3097,物語コーポレーション,http://www.monogatari.co.jp/
1880,3064,ＭｏｎｏｔａＲＯ,http://www.monotaro.com/
1881,3669,モバイルクリエイト,http://www.mcinc.jp/
1882,3912,モバイルファクトリー,http://www.mobilefactory.jp/
1883,5464,モリ工業,http://www.mory.co.jp/
1884,6455,モリタホールディングス,http://www.morita119.com/
1885,5986,モリテック　スチール,http://www.molitec.co.jp/
1886,9837,モリト,http://www.morito.co.jp/
1887,2201,森永製菓,http://www.morinaga.co.jp/company/
1888,2264,森永乳業,http://www.morinagamilk.co.jp/
1889,4249,森六ホールディングス,http://www.moriroku.co.jp/
1890,5018,ＭＯＲＥＳＣＯ,http://www.moresco.co.jp/
1891,2217,モロゾフ,http://www.morozoff.co.jp/
1892,6630,ヤーマン,http://www.ya-man.com/
1893,2812,焼津水産化学工業,http://www.yskf.jp/
1894,8279,ヤオコー,http://www.yaoko-net.com/
1895,3385,薬王堂,http://www.yakuodo.co.jp/
1896,2267,ヤクルト本社,http://www.yakult.co.jp/
1897,3153,八洲電機,http://www.yashimadenki.co.jp/
1898,6506,安川電機,http://www.yaskawa.co.jp/
1899,9324,安田倉庫,http://www.yasuda-soko.co.jp/
1900,7271,安永,http://www.fine-yasunaga.co.jp/
1901,1870,矢作建設工業,http://www.yahagi.co.jp/
1902,4689,ヤフー,http://www.yahoo.co.jp/
1903,6941,山一電機,http://www.yamaichi.co.jp/
1904,1780,ヤマウラ,http://www.yamaura.co.jp/
1905,8344,山形銀行,http://www.yamagatabank.co.jp/
1906,8418,山口フィナンシャルグループ,http://www.ymfg.co.jp/
1907,2212,山崎製パン,http://www.yamazakipan.co.jp/company/
1908,9993,ヤマザワ,http://www.yamazawa.co.jp/
1909,9265,ヤマシタヘルスケアホールディングス,http://www.yhchd.co.jp/
1910,6240,ヤマシンフィルタ,http://www.yamashin-filter.co.jp/
1911,8051,山善,http://www.yamazen.co.jp/
1912,1919,ヤマダ・エスバイエルホーム,http://www.sxl.co.jp/
1913,9831,ヤマダ電機,http://www.yamada-denki.jp/
1914,9305,ヤマタネ,http://www.yamatane.co.jp/
1915,1967,ヤマト,http://www.yamato-se.co.jp
1916,8127,ヤマトインターナショナル,http://www.yamatointr.co.jp/
1917,5444,大和工業,http://www.yamatokogyo.co.jp/
1918,9064,ヤマトホールディングス,http://www.yamato-hd.co.jp/
1919,8360,山梨中央銀行,http://www.yamanashibank.co.jp/
1920,7951,ヤマハ,http://www.yamaha.co.jp/
1921,7272,ヤマハ発動機,http://global.yamaha-motor.com/jp/
1922,6250,やまびこ,http://www.yamabiko-corp.co.jp/
1923,9994,やまや,http://www.yamaya.jp/
1924,5741,ＵＡＣＪ,http://www.uacj.co.jp/
1925,4732,ユー・エス・エス,http://www.ussnet.co.jp/
1926,6615,ユー・エム・シー・エレクトロニクス,http://www.umc.co.jp/
1927,2931,ユーグレナ,http://www.euglena.jp/index.html
1928,3156,ＵＫＣホールディングス,http://www.ukcgroup.com/
1929,6985,ユーシン,http://www.u-shin-ltd.com/
1930,6482,ユーシン精機,http://www.ype.co.jp/
1931,9418,Ｕ－ＮＥＸＴ,http://unext.co.jp/
1932,8074,ユアサ商事,http://www.yuasa.co.jp/
1933,1934,ユアテック,http://www.yurtec.co.jp/
1934,4531,有機合成薬品工業,http://www.yuki-gosei.co.jp/
1935,9370,郵船ロジスティクス,http://www.jp.yusen-logistics.com/index.html
1936,7182,ゆうちょ銀行,http://www.jp-bank.japanpost.jp/
1937,2270,雪印メグミルク,http://www.meg-snow.com/
1938,6393,油研工業,http://www.yuken.co.jp/
1939,5013,ユシロ化学工業,http://www.yushiro.co.jp/
1940,7606,ユナイテッドアローズ,http://www.united-arrows.co.jp/
1941,3222,ユナイテッド・スーパーマーケット・ホールディングス,http://www.usmh.co.jp/
1942,8028,ユニー・ファミリーマートホールディングス,http://www.fu-hd.com/
1943,6278,ユニオンツール,http://www.uniontool.co.jp/
1944,2597,ユニカフェ,http://www.unicafe.com./
1945,3258,ユニゾホールディングス,http://www.unizo-hd.co.jp/
1946,3103,ユニチカ,http://www.unitika.co.jp/
1947,8113,ユニ・チャーム,http://www.unicharm.co.jp/
1948,6815,ユニデンホールディングス,http://www.uniden.co.jp/
1949,5949,ユニプレス,http://www.unipres.co.jp/
1950,3937,Ｕｂｉｃｏｍホールディングス,http://www.ubicom-hd.com/
1951,5357,ヨータイ,http://www.yotai.co.jp/
1952,2540,養命酒製造,http://www.yomeishu.co.jp/
1953,6800,ヨコオ,http://www.yokowo.co.jp/
1954,6841,横河電機,http://www.yokogawa.co.jp/
1955,5911,横河ブリッジホールディングス,http://www.ybhd.co.jp/
1956,5101,横浜ゴム,http://www.yrc.co.jp/
1957,2874,横浜冷凍,http://www.yokorei.co.jp/
1958,3221,ヨシックス,http://yossix.co.jp/
1959,9861,吉野家ホールディングス,http://www.yoshinoya-holdings.com/
1960,2884,ヨシムラ・フード・ホールディングス,http://y-food-h.com/index.html
1961,5451,淀川製鋼所,http://www.yodoko.co.jp/
1962,9671,よみうりランド,http://www.yomiuriland.co.jp/
1963,7294,ヨロズ,http://www.yorozu-corp.co.jp/
1964,1939,四電工,http://www.yondenko.co.jp/
1965,8008,ヨンドシーホールディングス,http://www.yondoshi.co.jp/
1966,4912,ライオン,http://www.lion.co.jp/ja/company/
1967,2462,ライク,https://www.like-gr.co.jp/
1968,6065,ライクキッズネクスト,https://www.like-kn.co.jp/
1969,7445,ライトオン,http://www.right-on.co.jp/
1970,6082,ライドオンエクスプレスホールディングス,http://www.rideonexpresshd.co.jp/
1971,1926,ライト工業,http://www.raito.co.jp/
1972,8194,ライフコーポレーション,http://www.lifecorp.jp/
1973,2120,LIFULL,http://lifull.com
1974,3938,LINE,http://linecorp.com/
1975,4680,ラウンドワン,http://www.round1.co.jp/
1976,3031,ラクーン,http://www.raccoon.ne.jp/company/
1977,4755,楽天,http://www.rakuten.co.jp/
1978,3139,ラクト・ジャパン,http://www.lactojapan.com/ja/Top.html
1979,4022,ラサ工業,http://www.rasa.co.jp/
1980,3023,ラサ商事,http://www.rasaco.co.jp/
1981,9612,ラックランド,http://www.luckland.co.jp/
1982,8918,ランド,http://www.land.jp/
1983,8944,ランドビジネス,http://www.lbca.co.jp/
1984,6823,リオン,http://www.rion.co.jp/
1985,5938,ＬＩＸＩＬグループ,http://www.lixil-group.co.jp/
1986,3564,ＬＩＸＩＬビバ,http://www.vivahome.co.jp/corporate_top/
1987,6098,リクルートホールディングス,http://www.recruit.jp/
1988,6462,リケン,http://www.riken.co.jp/
1989,7734,理研計器,http://www.rikenkeiki.co.jp/
1990,4220,リケンテクノス,http://www.rikentechnos.co.jp/
1991,4526,理研ビタミン,http://www.rikenvitamin.jp/
1992,7752,リコー,http://www.ricoh.co.jp/
1993,8566,リコーリース,http://www.r-lease.co.jp/
1994,7769,リズム時計工業,http://www.rhythm.co.jp/
1995,4714,リソー教育,http://www.tomas.co.jp/
1996,4681,リゾートトラスト,http://www.resorttrust.co.jp/
1997,6413,理想科学工業,http://www.riso.co.jp/
1998,8308,りそなホールディングス,http://www.resona-gr.co.jp/
1999,5261,リソルホールディングス,https://www.resol.jp/
2000,6187,ＬＩＴＡＬＩＣＯ,http://litalico.co.jp/
2001,7525,リックス,http://www.rix.co.jp/
2002,2183,リニカル,http://www.linical.co.jp/
2003,6054,リブセンス,http://www.livesense.co.jp/
2004,8399,琉球銀行,http://www.ryugin.co.jp/
2005,8140,リョーサン,http://www.ryosan.co.jp/
2006,5851,リョービ,http://www.ryobi-group.co.jp/
2007,8084,菱電商事,http://www.ryoden.co.jp/
2008,7453,良品計画,http://ryohin-keikaku.jp/
2009,8068,菱洋エレクトロ,http://www.ryoyo.co.jp/
2010,4708,りらいあコミュニケーションズ,http://www.relia-group.com/
2011,8876,リログループ,http://www.relo.jp/index.php
2012,8200,リンガーハット,http://www.ringerhut.co.jp/
2013,2170,リンクアンドモチベーション,http://www.lmi.ne.jp/
2014,7966,リンテック,http://www.lintec.co.jp/
2015,5947,リンナイ,http://www.rinnai.co.jp/
2016,8029,ルック,http://www.look-inc.jp/
2017,9995,ルネサスイーストン,http://www.rene-easton.com/
2018,6723,ルネサスエレクトロニクス,http://japan.renesas.com/
2019,2378,ルネサンス,http://www.s-renaissance.co.jp/
2020,6920,レーザーテック,http://www.lasertec.co.jp/
2021,8848,レオパレス２１,http://www.leopalace21.co.jp/
2022,6272,レオン自動機,http://www.rheon.com/
2023,7213,レシップホールディングス,http://www.lecip.co.jp/hd/index.htm
2024,7874,レック,http://www.lecinc.co.jp/
2025,4286,レッグス,http://www.legs.co.jp/
2026,3606,レナウン,http://www.renown.com/
2027,3941,レンゴー,http://www.rengo.co.jp/
2028,2651,ローソン,http://www.lawson.co.jp/
2029,6323,ローツェ,http://www.rorze.com/
2030,4527,ロート製薬,http://www.rohto.co.jp
2031,6963,ローム,http://www.rohm.co.jp/
2032,6789,ローランド　ディー．ジー．,http://www.rolanddg.co.jp/
2033,8179,ロイヤルホールディングス,http://www.royal.co.jp/
2034,2910,ロック・フィールド,http://www.rockfield.co.jp/
2035,2266,六甲バター,http://www.qbb.co.jp/co/
2036,2429,ワールドホールディングス,http://world-hd.co.jp/
2037,6298,ワイエイシイホールディングス,http://www.yac.co.jp/
2038,9419,ワイヤレスゲート,http://www.wirelessgate.co.jp/
2039,4839,ＷＯＷＯＷ,http://www.wowow.co.jp/
2040,1888,若築建設,http://www.wakachiku.co.jp
2041,4512,わかもと製薬,http://www.wakamoto-pharm.co.jp/
2042,8125,ワキタ,http://www.wakita.co.jp/
2043,3591,ワコールホールディングス,http://www.wacoalholdings.jp/
2044,6727,ワコム,http://www.wacom.com/ja-JP/jp/
2045,4718,早稲田アカデミー,http://www.waseda-ac.co.jp/
2046,3199,綿半ホールディングス,http://watahan.co.jp/
2047,4696,ワタベウェディング,http://www.watabe-wedding.co.jp/
2048,7522,ワタミ,http://www.watami.co.jp/
2049,2735,ワッツ,http://www.watts-jp.com/
2050,2918,わらべや日洋ホールディングス,http://www.warabeya.co.jp/
2051,7918,ヴィア・ホールディングス,http://www.via-hd.co.jp/
2052,3784,ヴィンクス,http://www.vinx.co.jp/
